[2025-09-24 11:38:58][INFO] Crawler started.
[2025-09-24 11:38:59][INFO] Discovered link: https://apnews.com/article/macron-trump-phone-call-new-york-street-7f90a938296d0411368ed007c7c79f14
[2025-09-24 11:38:59][INFO] Discovered link: https://apnews.com/article/trump-un-escalator-teleprompter-ddfc0875301f29d71625b353f2c2f832
[2025-09-24 11:38:59][INFO] Discovered link: https://apnews.com/article/quotes-world-leaders-unga-united-nations-6442220bbed9559dfd902e1235a44a86
[2025-09-24 11:38:59][INFO] Discovered link: https://apnews.com/article/ice-facility-shooting-dallas-immigration-d49f76ffc95572970ede58ef15769fe4
[2025-09-24 11:38:59][INFO] Discovered link: https://apnews.com/article/minnesota-state-senator-mitchell-sentenced-burglary-782d056653bb2a73b6e7883e97ea3a63
[2025-09-24 11:38:59][INFO] Discovered link: https://apnews.com/article/trump-shooting-attempt-d49985a690e678a9ccbf3610c102704d
[2025-09-24 11:38:59][INFO] Discovered link: https://apnews.com/article/doge-musk-trump-gsa-fired-employees-ce18553b281fbf5816ec2fd491d79b78
[2025-09-24 11:38:59][INFO] Discovered link: https://apnews.com/article/trump-government-shutdown-schumer-jeffries-meeting-8b1726435066403bf6b9fe4e4fffc029
[2025-09-24 11:38:59][INFO] Discovered link: https://apnews.com/article/poll-trump-economy-approval-immigration-border-crime-373766302cde6d45624d6bb738b16231
[2025-09-24 11:38:59][INFO] Discovered link: https://apnews.com/article/guardians-david-fry-hit-face-skubal-373c7eaf4bf4260a449d56e8875dbada
[2025-09-24 11:38:59][INFO] Discovered link: https://apnews.com/article/robot-umpires-mlb-2026-d70c6431d1cccfcf7a6e69e3ce47b417
[2025-09-24 11:38:59][INFO] Discovered link: https://apnews.com/article/buccaneers-desmond-watson-15274258cd685a1487ad2cef9a50784e
[2025-09-24 11:38:59][INFO] Discovered link: https://apnews.com/article/jimmy-kimmel-returns-suspension-charlie-kirk-a29db3adb762b9b148d56ce88c24485c
[2025-09-24 11:38:59][INFO] Discovered link: https://apnews.com/article/jimmy-kimmel-monologue-key-moments-2ad8513693aef095dd4cc998afc0cfaa
[2025-09-24 11:38:59][INFO] Discovered link: https://apnews.com/article/obit-claudia-cardinale-film-9b16f5768b580999da557e08cf4d4d92
[2025-09-24 11:38:59][INFO] Discovered link: https://apnews.com/article/omnicare-cvs-bankruptcy-medicaid-medicare-2b64f3bcc607ed85b09592515479a9a7
[2025-09-24 11:38:59][INFO] Discovered link: https://apnews.com/article/federal-reserve-jobs-inflation-powell-bccc5ad2114d0f9a19e0f6db4aeadf82
[2025-09-24 11:38:59][INFO] Discovered link: https://apnews.com/article/china-wto-reform-developing-country-special-treatment-20c70ec00d9502189bba87f93521b09f
[2025-09-24 11:38:59][INFO] Discovered link: https://apnews.com/article/new-dinosaur-megaraptoran-argentina-patagonia-4246f7559e4d7ee2dcde23dc2afcf0ad
[2025-09-24 11:38:59][INFO] Discovered link: https://apnews.com/article/solar-storms-launch-nasa-noaa-e1e76b973123262c15e717bc515ae6f0
[2025-09-24 11:38:59][INFO] Discovered link: https://apnews.com/article/dinosaurio-argentina-joaquinraptor-casali-e6b7ec42ca073d2fa8e002872040b784
[2025-09-24 11:38:59][INFO] Discovered link: https://apnews.com/article/ghana-fantasy-coffins-funerals-accra-tradition-01220db5b2e240a12ae8e4ba8820f993
[2025-09-24 11:38:59][INFO] Discovered link: https://apnews.com/article/finland-swastika-air-force-nato-423a764e6e72abde083f6136e06461c0
[2025-09-24 11:38:59][INFO] Discovered link: https://apnews.com/article/minot-city-north-dakota-ground-squirrels-dde22d2fa10140191a168687a5aa4daa
[2025-09-24 11:38:59][INFO] Discovered link: https://apnews.com/article/giant-troll-sculptures-filoli-thomas-dambo-15a070f5eba15e3a74721a7c2d23eb6e
[2025-09-24 11:38:59][INFO] Discovered link: https://apnews.com/article/whale-breach-boat-capsize-new-hampshire-efe8cbfae49b93f6325c4331db8999ae
[2025-09-24 11:38:59][INFO] Discovered link: https://apnews.com/article/workplace-anxiety-impostor-syndrome-cognitive-behavioral-therapy-d8f0d6bae16ab781cff369519539eaed
[2025-09-24 11:38:59][INFO] Discovered link: https://apnews.com/article/covid19-stratus-nimbus-razor-blade-flu-summer-9c9522e398956c528a89e04a24244cf1
[2025-09-24 11:38:59][INFO] Discovered link: https://apnews.com/article/eating-fast-tips-to-slow-down-4ba7e9760ac5903fe29dc38a4205d701
[2025-09-24 11:38:59][INFO] Discovered link: https://apnews.com/article/wellness-journey-health-fitness-sleep-nutrition-overweight-926fca594538cd13d17abdf4b203fc64
[2025-09-24 11:38:59][INFO] Discovered link: https://apnews.com/article/foods-that-help-you-sleep-cookbook-95e0061b85936b8a72eb10377ec9c2c0
[2025-09-24 11:38:59][INFO] Discovered link: https://apnews.com/article/fear-of-flying-8e348402efc654a7248fb9fe4e5df852
[2025-09-24 11:38:59][INFO] Discovered link: https://apnews.com/article/russia-ukraine-war-mariupol-descends-into-despair-708cb8f4a171ce3f1c1b0b8d090e38e3
[2025-09-24 11:38:59][INFO] Discovered link: https://apnews.com/article/trump-un-climate-change-renewable-energy-5c033a24ec523a56f8244d85f3672eda
[2025-09-24 11:38:59][INFO] Discovered link: https://apnews.com/article/trump-renewable-energy-offshore-wind-revolution-wind-f1cbe85a829e3d5e5496f834bcb617d1
[2025-09-24 11:38:59][INFO] Discovered link: https://apnews.com/article/hurricane-gabrielle-tropical-weather-atlantic-bermuda-ba4f3724d48657ba40160aae454028a2
[2025-09-24 11:38:59][INFO] Discovered link: https://apnews.com/article/cdc-nightmare-bacteria-ndm-gene-95c40aae486e82a54efb16b965ee88b3
[2025-09-24 11:38:59][INFO] Discovered link: https://apnews.com/article/autism-trump-kennedy-tylenol-acetaminophen-7ebaf91e80b93f605899cefd66ac0eb2
[2025-09-24 11:38:59][INFO] Discovered link: https://apnews.com/article/autism-drug-leucovorin-trump-kennedy-d2b36faef3c4fc1f85e9fa9f958ad6c6
[2025-09-24 11:38:59][INFO] Discovered link: https://apnews.com/article/covid19-stratus-nimbus-razor-blade-flu-summer-9c9522e398956c528a89e04a24244cf1
[2025-09-24 11:38:59][INFO] Discovered link: https://apnews.com/article/eating-fast-tips-to-slow-down-4ba7e9760ac5903fe29dc38a4205d701
[2025-09-24 11:38:59][INFO] Discovered link: https://apnews.com/article/trump-tylenol-vaccines-pregnancy-8c8c44e40657a2338533c59ebefaa83a
[2025-09-24 11:38:59][INFO] Discovered link: https://apnews.com/article/unga-sim-farm-threat-explainer-5274ccc927ab180a1d5e0ffd475ed7c9
[2025-09-24 11:38:59][INFO] Discovered link: https://apnews.com/article/youtube-reinstatement-covid-election-misinformation-5809a1da0afece53d6e2088e4ac5e462
[2025-09-24 11:38:59][INFO] Discovered link: https://apnews.com/article/social-media-charlie-kirk-nepal-algorithm-d0a8baf12a16b2ed870283e64ee24a19
[2025-09-24 11:38:59][INFO] Discovered link: https://apnews.com/article/trump-tough-it-out-pregnancy-women-pain-acetaminophen-dc48caddabef2f086a50b48c5b86a3ca
[2025-09-24 11:38:59][INFO] Discovered link: https://apnews.com/article/rembrandt-venne-amsterdam-dog-night-watch-rijksmuseum-c6e2ef6e79c3983412685f64822b41c1
[2025-09-24 11:38:59][INFO] Discovered link: https://apnews.com/article/fat-bear-week-alaska-brown-bears-bffe1fab90e38753aba9811265e9ead2
[2025-09-24 11:38:59][INFO] Discovered link: https://apnews.com/article/rapture-end-times-evangelical-christians-tiktok-e7d065520186503a6223ee12df1f02dd
[2025-09-24 11:38:59][INFO] Discovered link: https://apnews.com/article/charlie-kirk-religious-revival-martyr-evangelical-churches-0e4649d798d22e0d43d93ef020716547
[2025-09-24 11:38:59][INFO] Discovered link: https://apnews.com/article/chicago-agente-ice-inmigrante-tiroteo-silverio-villegas-redadas-6ffea1ce94503bad69fb4913b30aa2fd
[2025-09-24 11:38:59][INFO] Discovered link: https://apnews.com/article/china-taiwan-filipinas-tifon-ragasa-cd8052b9817b55b7fd8c12b4eca21f82
[2025-09-24 11:38:59][INFO] Discovered link: https://apnews.com/article/tylenol-trump-salud-autismo-7d0f8972d972a3f985244b1e6828a7ad
[2025-09-24 11:38:59][INFO] Discovered link: https://apnews.com/article/argentina-eeuu-milei-dolar-16b7363340adc205f360faa8968d2485
[2025-09-24 11:38:59][INFO] Discovered link: https://apnews.com/article/eeuu-dallas-inmigracion-tiroteo-ice-3dd1c36108ae36091510adffd9ae8584
[2025-09-24 11:38:59][INFO] Discovered link: https://apnews.com/article/china-tifon-filipinas-hong-kong-macao-ragasa-e54012998e1756c9b4b774a6602c9cfc
[2025-09-24 11:38:59][INFO] Discovered link: https://apnews.com/article/macron-trump-phone-call-new-york-street-7f90a938296d0411368ed007c7c79f14
[2025-09-24 11:38:59][INFO] Discovered link: https://apnews.com/article/trump-un-escalator-teleprompter-ddfc0875301f29d71625b353f2c2f832
[2025-09-24 11:38:59][INFO] Discovered link: https://apnews.com/article/quotes-world-leaders-unga-united-nations-6442220bbed9559dfd902e1235a44a86
[2025-09-24 11:38:59][INFO] Discovered link: https://apnews.com/article/ice-facility-shooting-dallas-immigration-d49f76ffc95572970ede58ef15769fe4
[2025-09-24 11:38:59][INFO] Discovered link: https://apnews.com/article/minnesota-state-senator-mitchell-sentenced-burglary-782d056653bb2a73b6e7883e97ea3a63
[2025-09-24 11:38:59][INFO] Discovered link: https://apnews.com/article/trump-shooting-attempt-d49985a690e678a9ccbf3610c102704d
[2025-09-24 11:38:59][INFO] Discovered link: https://apnews.com/article/doge-musk-trump-gsa-fired-employees-ce18553b281fbf5816ec2fd491d79b78
[2025-09-24 11:38:59][INFO] Discovered link: https://apnews.com/article/trump-government-shutdown-schumer-jeffries-meeting-8b1726435066403bf6b9fe4e4fffc029
[2025-09-24 11:38:59][INFO] Discovered link: https://apnews.com/article/poll-trump-economy-approval-immigration-border-crime-373766302cde6d45624d6bb738b16231
[2025-09-24 11:38:59][INFO] Discovered link: https://apnews.com/article/guardians-david-fry-hit-face-skubal-373c7eaf4bf4260a449d56e8875dbada
[2025-09-24 11:38:59][INFO] Discovered link: https://apnews.com/article/robot-umpires-mlb-2026-d70c6431d1cccfcf7a6e69e3ce47b417
[2025-09-24 11:38:59][INFO] Discovered link: https://apnews.com/article/buccaneers-desmond-watson-15274258cd685a1487ad2cef9a50784e
[2025-09-24 11:38:59][INFO] Discovered link: https://apnews.com/article/jimmy-kimmel-returns-suspension-charlie-kirk-a29db3adb762b9b148d56ce88c24485c
[2025-09-24 11:38:59][INFO] Discovered link: https://apnews.com/article/jimmy-kimmel-monologue-key-moments-2ad8513693aef095dd4cc998afc0cfaa
[2025-09-24 11:38:59][INFO] Discovered link: https://apnews.com/article/obit-claudia-cardinale-film-9b16f5768b580999da557e08cf4d4d92
[2025-09-24 11:38:59][INFO] Discovered link: https://apnews.com/article/omnicare-cvs-bankruptcy-medicaid-medicare-2b64f3bcc607ed85b09592515479a9a7
[2025-09-24 11:38:59][INFO] Discovered link: https://apnews.com/article/federal-reserve-jobs-inflation-powell-bccc5ad2114d0f9a19e0f6db4aeadf82
[2025-09-24 11:38:59][INFO] Discovered link: https://apnews.com/article/china-wto-reform-developing-country-special-treatment-20c70ec00d9502189bba87f93521b09f
[2025-09-24 11:38:59][INFO] Discovered link: https://apnews.com/article/new-dinosaur-megaraptoran-argentina-patagonia-4246f7559e4d7ee2dcde23dc2afcf0ad
[2025-09-24 11:38:59][INFO] Discovered link: https://apnews.com/article/solar-storms-launch-nasa-noaa-e1e76b973123262c15e717bc515ae6f0
[2025-09-24 11:38:59][INFO] Discovered link: https://apnews.com/article/dinosaurio-argentina-joaquinraptor-casali-e6b7ec42ca073d2fa8e002872040b784
[2025-09-24 11:38:59][INFO] Discovered link: https://apnews.com/article/ghana-fantasy-coffins-funerals-accra-tradition-01220db5b2e240a12ae8e4ba8820f993
[2025-09-24 11:38:59][INFO] Discovered link: https://apnews.com/article/finland-swastika-air-force-nato-423a764e6e72abde083f6136e06461c0
[2025-09-24 11:38:59][INFO] Discovered link: https://apnews.com/article/minot-city-north-dakota-ground-squirrels-dde22d2fa10140191a168687a5aa4daa
[2025-09-24 11:38:59][INFO] Discovered link: https://apnews.com/article/giant-troll-sculptures-filoli-thomas-dambo-15a070f5eba15e3a74721a7c2d23eb6e
[2025-09-24 11:38:59][INFO] Discovered link: https://apnews.com/article/whale-breach-boat-capsize-new-hampshire-efe8cbfae49b93f6325c4331db8999ae
[2025-09-24 11:38:59][INFO] Discovered link: https://apnews.com/article/workplace-anxiety-impostor-syndrome-cognitive-behavioral-therapy-d8f0d6bae16ab781cff369519539eaed
[2025-09-24 11:38:59][INFO] Discovered link: https://apnews.com/article/covid19-stratus-nimbus-razor-blade-flu-summer-9c9522e398956c528a89e04a24244cf1
[2025-09-24 11:38:59][INFO] Discovered link: https://apnews.com/article/eating-fast-tips-to-slow-down-4ba7e9760ac5903fe29dc38a4205d701
[2025-09-24 11:38:59][INFO] Discovered link: https://apnews.com/article/wellness-journey-health-fitness-sleep-nutrition-overweight-926fca594538cd13d17abdf4b203fc64
[2025-09-24 11:38:59][INFO] Discovered link: https://apnews.com/article/foods-that-help-you-sleep-cookbook-95e0061b85936b8a72eb10377ec9c2c0
[2025-09-24 11:38:59][INFO] Discovered link: https://apnews.com/article/fear-of-flying-8e348402efc654a7248fb9fe4e5df852
[2025-09-24 11:38:59][INFO] Discovered link: https://apnews.com/article/russia-ukraine-war-mariupol-descends-into-despair-708cb8f4a171ce3f1c1b0b8d090e38e3
[2025-09-24 11:38:59][INFO] Discovered link: https://apnews.com/article/trump-un-climate-change-renewable-energy-5c033a24ec523a56f8244d85f3672eda
[2025-09-24 11:38:59][INFO] Discovered link: https://apnews.com/article/trump-renewable-energy-offshore-wind-revolution-wind-f1cbe85a829e3d5e5496f834bcb617d1
[2025-09-24 11:38:59][INFO] Discovered link: https://apnews.com/article/hurricane-gabrielle-tropical-weather-atlantic-bermuda-ba4f3724d48657ba40160aae454028a2
[2025-09-24 11:38:59][INFO] Discovered link: https://apnews.com/article/cdc-nightmare-bacteria-ndm-gene-95c40aae486e82a54efb16b965ee88b3
[2025-09-24 11:38:59][INFO] Discovered link: https://apnews.com/article/autism-trump-kennedy-tylenol-acetaminophen-7ebaf91e80b93f605899cefd66ac0eb2
[2025-09-24 11:38:59][INFO] Discovered link: https://apnews.com/article/autism-drug-leucovorin-trump-kennedy-d2b36faef3c4fc1f85e9fa9f958ad6c6
[2025-09-24 11:38:59][INFO] Discovered link: https://apnews.com/article/covid19-stratus-nimbus-razor-blade-flu-summer-9c9522e398956c528a89e04a24244cf1
[2025-09-24 11:38:59][INFO] Discovered link: https://apnews.com/article/eating-fast-tips-to-slow-down-4ba7e9760ac5903fe29dc38a4205d701
[2025-09-24 11:38:59][INFO] Discovered link: https://apnews.com/article/trump-tylenol-vaccines-pregnancy-8c8c44e40657a2338533c59ebefaa83a
[2025-09-24 11:38:59][INFO] Discovered link: https://apnews.com/article/unga-sim-farm-threat-explainer-5274ccc927ab180a1d5e0ffd475ed7c9
[2025-09-24 11:38:59][INFO] Discovered link: https://apnews.com/article/youtube-reinstatement-covid-election-misinformation-5809a1da0afece53d6e2088e4ac5e462
[2025-09-24 11:38:59][INFO] Discovered link: https://apnews.com/article/social-media-charlie-kirk-nepal-algorithm-d0a8baf12a16b2ed870283e64ee24a19
[2025-09-24 11:38:59][INFO] Discovered link: https://apnews.com/article/trump-tough-it-out-pregnancy-women-pain-acetaminophen-dc48caddabef2f086a50b48c5b86a3ca
[2025-09-24 11:38:59][INFO] Discovered link: https://apnews.com/article/rembrandt-venne-amsterdam-dog-night-watch-rijksmuseum-c6e2ef6e79c3983412685f64822b41c1
[2025-09-24 11:38:59][INFO] Discovered link: https://apnews.com/article/fat-bear-week-alaska-brown-bears-bffe1fab90e38753aba9811265e9ead2
[2025-09-24 11:38:59][INFO] Discovered link: https://apnews.com/article/rapture-end-times-evangelical-christians-tiktok-e7d065520186503a6223ee12df1f02dd
[2025-09-24 11:38:59][INFO] Discovered link: https://apnews.com/article/charlie-kirk-religious-revival-martyr-evangelical-churches-0e4649d798d22e0d43d93ef020716547
[2025-09-24 11:38:59][INFO] Discovered link: https://apnews.com/article/chicago-agente-ice-inmigrante-tiroteo-silverio-villegas-redadas-6ffea1ce94503bad69fb4913b30aa2fd
[2025-09-24 11:38:59][INFO] Discovered link: https://apnews.com/article/china-taiwan-filipinas-tifon-ragasa-cd8052b9817b55b7fd8c12b4eca21f82
[2025-09-24 11:38:59][INFO] Discovered link: https://apnews.com/article/tylenol-trump-salud-autismo-7d0f8972d972a3f985244b1e6828a7ad
[2025-09-24 11:38:59][INFO] Discovered link: https://apnews.com/article/argentina-eeuu-milei-dolar-16b7363340adc205f360faa8968d2485
[2025-09-24 11:38:59][INFO] Discovered link: https://apnews.com/article/eeuu-dallas-inmigracion-tiroteo-ice-3dd1c36108ae36091510adffd9ae8584
[2025-09-24 11:38:59][INFO] Discovered link: https://apnews.com/article/china-tifon-filipinas-hong-kong-macao-ragasa-e54012998e1756c9b4b774a6602c9cfc
[2025-09-24 11:38:59][INFO] Discovered link: https://apnews.com/article/macron-trump-phone-call-new-york-street-7f90a938296d0411368ed007c7c79f14
[2025-09-24 11:38:59][INFO] Discovered link: https://apnews.com/article/trump-un-escalator-teleprompter-ddfc0875301f29d71625b353f2c2f832
[2025-09-24 11:38:59][INFO] Discovered link: https://apnews.com/article/quotes-world-leaders-unga-united-nations-6442220bbed9559dfd902e1235a44a86
[2025-09-24 11:38:59][INFO] Discovered link: https://apnews.com/article/ice-facility-shooting-dallas-immigration-d49f76ffc95572970ede58ef15769fe4
[2025-09-24 11:38:59][INFO] Discovered link: https://apnews.com/article/minnesota-state-senator-mitchell-sentenced-burglary-782d056653bb2a73b6e7883e97ea3a63
[2025-09-24 11:38:59][INFO] Discovered link: https://apnews.com/article/trump-shooting-attempt-d49985a690e678a9ccbf3610c102704d
[2025-09-24 11:38:59][INFO] Discovered link: https://apnews.com/article/doge-musk-trump-gsa-fired-employees-ce18553b281fbf5816ec2fd491d79b78
[2025-09-24 11:38:59][INFO] Discovered link: https://apnews.com/article/trump-government-shutdown-schumer-jeffries-meeting-8b1726435066403bf6b9fe4e4fffc029
[2025-09-24 11:38:59][INFO] Discovered link: https://apnews.com/article/poll-trump-economy-approval-immigration-border-crime-373766302cde6d45624d6bb738b16231
[2025-09-24 11:38:59][INFO] Discovered link: https://apnews.com/article/guardians-david-fry-hit-face-skubal-373c7eaf4bf4260a449d56e8875dbada
[2025-09-24 11:38:59][INFO] Discovered link: https://apnews.com/article/robot-umpires-mlb-2026-d70c6431d1cccfcf7a6e69e3ce47b417
[2025-09-24 11:38:59][INFO] Discovered link: https://apnews.com/article/buccaneers-desmond-watson-15274258cd685a1487ad2cef9a50784e
[2025-09-24 11:38:59][INFO] Discovered link: https://apnews.com/article/jimmy-kimmel-returns-suspension-charlie-kirk-a29db3adb762b9b148d56ce88c24485c
[2025-09-24 11:38:59][INFO] Discovered link: https://apnews.com/article/jimmy-kimmel-monologue-key-moments-2ad8513693aef095dd4cc998afc0cfaa
[2025-09-24 11:38:59][INFO] Discovered link: https://apnews.com/article/obit-claudia-cardinale-film-9b16f5768b580999da557e08cf4d4d92
[2025-09-24 11:38:59][INFO] Discovered link: https://apnews.com/article/omnicare-cvs-bankruptcy-medicaid-medicare-2b64f3bcc607ed85b09592515479a9a7
[2025-09-24 11:38:59][INFO] Discovered link: https://apnews.com/article/federal-reserve-jobs-inflation-powell-bccc5ad2114d0f9a19e0f6db4aeadf82
[2025-09-24 11:38:59][INFO] Discovered link: https://apnews.com/article/china-wto-reform-developing-country-special-treatment-20c70ec00d9502189bba87f93521b09f
[2025-09-24 11:38:59][INFO] Discovered link: https://apnews.com/article/new-dinosaur-megaraptoran-argentina-patagonia-4246f7559e4d7ee2dcde23dc2afcf0ad
[2025-09-24 11:38:59][INFO] Discovered link: https://apnews.com/article/solar-storms-launch-nasa-noaa-e1e76b973123262c15e717bc515ae6f0
[2025-09-24 11:38:59][INFO] Discovered link: https://apnews.com/article/dinosaurio-argentina-joaquinraptor-casali-e6b7ec42ca073d2fa8e002872040b784
[2025-09-24 11:38:59][INFO] Discovered link: https://apnews.com/article/ghana-fantasy-coffins-funerals-accra-tradition-01220db5b2e240a12ae8e4ba8820f993
[2025-09-24 11:38:59][INFO] Discovered link: https://apnews.com/article/finland-swastika-air-force-nato-423a764e6e72abde083f6136e06461c0
[2025-09-24 11:38:59][INFO] Discovered link: https://apnews.com/article/minot-city-north-dakota-ground-squirrels-dde22d2fa10140191a168687a5aa4daa
[2025-09-24 11:38:59][INFO] Discovered link: https://apnews.com/article/giant-troll-sculptures-filoli-thomas-dambo-15a070f5eba15e3a74721a7c2d23eb6e
[2025-09-24 11:38:59][INFO] Discovered link: https://apnews.com/article/whale-breach-boat-capsize-new-hampshire-efe8cbfae49b93f6325c4331db8999ae
[2025-09-24 11:38:59][INFO] Discovered link: https://apnews.com/article/workplace-anxiety-impostor-syndrome-cognitive-behavioral-therapy-d8f0d6bae16ab781cff369519539eaed
[2025-09-24 11:38:59][INFO] Discovered link: https://apnews.com/article/covid19-stratus-nimbus-razor-blade-flu-summer-9c9522e398956c528a89e04a24244cf1
[2025-09-24 11:38:59][INFO] Discovered link: https://apnews.com/article/eating-fast-tips-to-slow-down-4ba7e9760ac5903fe29dc38a4205d701
[2025-09-24 11:38:59][INFO] Discovered link: https://apnews.com/article/wellness-journey-health-fitness-sleep-nutrition-overweight-926fca594538cd13d17abdf4b203fc64
[2025-09-24 11:38:59][INFO] Discovered link: https://apnews.com/article/foods-that-help-you-sleep-cookbook-95e0061b85936b8a72eb10377ec9c2c0
[2025-09-24 11:38:59][INFO] Discovered link: https://apnews.com/article/fear-of-flying-8e348402efc654a7248fb9fe4e5df852
[2025-09-24 11:38:59][INFO] Discovered link: https://apnews.com/article/russia-ukraine-war-mariupol-descends-into-despair-708cb8f4a171ce3f1c1b0b8d090e38e3
[2025-09-24 11:38:59][INFO] Discovered link: https://apnews.com/article/trump-un-climate-change-renewable-energy-5c033a24ec523a56f8244d85f3672eda
[2025-09-24 11:38:59][INFO] Discovered link: https://apnews.com/article/trump-renewable-energy-offshore-wind-revolution-wind-f1cbe85a829e3d5e5496f834bcb617d1
[2025-09-24 11:38:59][INFO] Discovered link: https://apnews.com/article/hurricane-gabrielle-tropical-weather-atlantic-bermuda-ba4f3724d48657ba40160aae454028a2
[2025-09-24 11:38:59][INFO] Discovered link: https://apnews.com/article/cdc-nightmare-bacteria-ndm-gene-95c40aae486e82a54efb16b965ee88b3
[2025-09-24 11:38:59][INFO] Discovered link: https://apnews.com/article/autism-trump-kennedy-tylenol-acetaminophen-7ebaf91e80b93f605899cefd66ac0eb2
[2025-09-24 11:38:59][INFO] Discovered link: https://apnews.com/article/autism-drug-leucovorin-trump-kennedy-d2b36faef3c4fc1f85e9fa9f958ad6c6
[2025-09-24 11:38:59][INFO] Discovered link: https://apnews.com/article/covid19-stratus-nimbus-razor-blade-flu-summer-9c9522e398956c528a89e04a24244cf1
[2025-09-24 11:38:59][INFO] Discovered link: https://apnews.com/article/eating-fast-tips-to-slow-down-4ba7e9760ac5903fe29dc38a4205d701
[2025-09-24 11:38:59][INFO] Discovered link: https://apnews.com/article/trump-tylenol-vaccines-pregnancy-8c8c44e40657a2338533c59ebefaa83a
[2025-09-24 11:38:59][INFO] Discovered link: https://apnews.com/article/unga-sim-farm-threat-explainer-5274ccc927ab180a1d5e0ffd475ed7c9
[2025-09-24 11:38:59][INFO] Discovered link: https://apnews.com/article/youtube-reinstatement-covid-election-misinformation-5809a1da0afece53d6e2088e4ac5e462
[2025-09-24 11:38:59][INFO] Discovered link: https://apnews.com/article/social-media-charlie-kirk-nepal-algorithm-d0a8baf12a16b2ed870283e64ee24a19
[2025-09-24 11:38:59][INFO] Discovered link: https://apnews.com/article/trump-tough-it-out-pregnancy-women-pain-acetaminophen-dc48caddabef2f086a50b48c5b86a3ca
[2025-09-24 11:38:59][INFO] Discovered link: https://apnews.com/article/rembrandt-venne-amsterdam-dog-night-watch-rijksmuseum-c6e2ef6e79c3983412685f64822b41c1
[2025-09-24 11:38:59][INFO] Discovered link: https://apnews.com/article/fat-bear-week-alaska-brown-bears-bffe1fab90e38753aba9811265e9ead2
[2025-09-24 11:38:59][INFO] Discovered link: https://apnews.com/article/rapture-end-times-evangelical-christians-tiktok-e7d065520186503a6223ee12df1f02dd
[2025-09-24 11:38:59][INFO] Discovered link: https://apnews.com/article/charlie-kirk-religious-revival-martyr-evangelical-churches-0e4649d798d22e0d43d93ef020716547
[2025-09-24 11:38:59][INFO] Discovered link: https://apnews.com/article/chicago-agente-ice-inmigrante-tiroteo-silverio-villegas-redadas-6ffea1ce94503bad69fb4913b30aa2fd
[2025-09-24 11:38:59][INFO] Discovered link: https://apnews.com/article/china-taiwan-filipinas-tifon-ragasa-cd8052b9817b55b7fd8c12b4eca21f82
[2025-09-24 11:38:59][INFO] Discovered link: https://apnews.com/article/tylenol-trump-salud-autismo-7d0f8972d972a3f985244b1e6828a7ad
[2025-09-24 11:38:59][INFO] Discovered link: https://apnews.com/article/argentina-eeuu-milei-dolar-16b7363340adc205f360faa8968d2485
[2025-09-24 11:38:59][INFO] Discovered link: https://apnews.com/article/eeuu-dallas-inmigracion-tiroteo-ice-3dd1c36108ae36091510adffd9ae8584
[2025-09-24 11:38:59][INFO] Discovered link: https://apnews.com/article/china-tifon-filipinas-hong-kong-macao-ragasa-e54012998e1756c9b4b774a6602c9cfc
[2025-09-24 11:38:59][INFO] Discovered link: https://apnews.com/article/macron-trump-phone-call-new-york-street-7f90a938296d0411368ed007c7c79f14
[2025-09-24 11:38:59][INFO] Discovered link: https://apnews.com/article/trump-un-escalator-teleprompter-ddfc0875301f29d71625b353f2c2f832
[2025-09-24 11:38:59][INFO] Discovered link: https://apnews.com/article/quotes-world-leaders-unga-united-nations-6442220bbed9559dfd902e1235a44a86
[2025-09-24 11:38:59][INFO] Discovered link: https://apnews.com/article/ice-facility-shooting-dallas-immigration-d49f76ffc95572970ede58ef15769fe4
[2025-09-24 11:38:59][INFO] Discovered link: https://apnews.com/article/minnesota-state-senator-mitchell-sentenced-burglary-782d056653bb2a73b6e7883e97ea3a63
[2025-09-24 11:38:59][INFO] Discovered link: https://apnews.com/article/trump-shooting-attempt-d49985a690e678a9ccbf3610c102704d
[2025-09-24 11:38:59][INFO] Discovered link: https://apnews.com/article/doge-musk-trump-gsa-fired-employees-ce18553b281fbf5816ec2fd491d79b78
[2025-09-24 11:38:59][INFO] Discovered link: https://apnews.com/article/trump-government-shutdown-schumer-jeffries-meeting-8b1726435066403bf6b9fe4e4fffc029
[2025-09-24 11:38:59][INFO] Discovered link: https://apnews.com/article/poll-trump-economy-approval-immigration-border-crime-373766302cde6d45624d6bb738b16231
[2025-09-24 11:38:59][INFO] Discovered link: https://apnews.com/article/guardians-david-fry-hit-face-skubal-373c7eaf4bf4260a449d56e8875dbada
[2025-09-24 11:38:59][INFO] Discovered link: https://apnews.com/article/robot-umpires-mlb-2026-d70c6431d1cccfcf7a6e69e3ce47b417
[2025-09-24 11:38:59][INFO] Discovered link: https://apnews.com/article/buccaneers-desmond-watson-15274258cd685a1487ad2cef9a50784e
[2025-09-24 11:38:59][INFO] Discovered link: https://apnews.com/article/jimmy-kimmel-returns-suspension-charlie-kirk-a29db3adb762b9b148d56ce88c24485c
[2025-09-24 11:38:59][INFO] Discovered link: https://apnews.com/article/jimmy-kimmel-monologue-key-moments-2ad8513693aef095dd4cc998afc0cfaa
[2025-09-24 11:38:59][INFO] Discovered link: https://apnews.com/article/obit-claudia-cardinale-film-9b16f5768b580999da557e08cf4d4d92
[2025-09-24 11:38:59][INFO] Discovered link: https://apnews.com/article/omnicare-cvs-bankruptcy-medicaid-medicare-2b64f3bcc607ed85b09592515479a9a7
[2025-09-24 11:38:59][INFO] Discovered link: https://apnews.com/article/federal-reserve-jobs-inflation-powell-bccc5ad2114d0f9a19e0f6db4aeadf82
[2025-09-24 11:38:59][INFO] Discovered link: https://apnews.com/article/china-wto-reform-developing-country-special-treatment-20c70ec00d9502189bba87f93521b09f
[2025-09-24 11:38:59][INFO] Discovered link: https://apnews.com/article/new-dinosaur-megaraptoran-argentina-patagonia-4246f7559e4d7ee2dcde23dc2afcf0ad
[2025-09-24 11:38:59][INFO] Discovered link: https://apnews.com/article/solar-storms-launch-nasa-noaa-e1e76b973123262c15e717bc515ae6f0
[2025-09-24 11:38:59][INFO] Discovered link: https://apnews.com/article/dinosaurio-argentina-joaquinraptor-casali-e6b7ec42ca073d2fa8e002872040b784
[2025-09-24 11:38:59][INFO] Discovered link: https://apnews.com/article/ghana-fantasy-coffins-funerals-accra-tradition-01220db5b2e240a12ae8e4ba8820f993
[2025-09-24 11:38:59][INFO] Discovered link: https://apnews.com/article/finland-swastika-air-force-nato-423a764e6e72abde083f6136e06461c0
[2025-09-24 11:38:59][INFO] Discovered link: https://apnews.com/article/minot-city-north-dakota-ground-squirrels-dde22d2fa10140191a168687a5aa4daa
[2025-09-24 11:38:59][INFO] Discovered link: https://apnews.com/article/giant-troll-sculptures-filoli-thomas-dambo-15a070f5eba15e3a74721a7c2d23eb6e
[2025-09-24 11:38:59][INFO] Discovered link: https://apnews.com/article/whale-breach-boat-capsize-new-hampshire-efe8cbfae49b93f6325c4331db8999ae
[2025-09-24 11:38:59][INFO] Discovered link: https://apnews.com/article/workplace-anxiety-impostor-syndrome-cognitive-behavioral-therapy-d8f0d6bae16ab781cff369519539eaed
[2025-09-24 11:38:59][INFO] Discovered link: https://apnews.com/article/covid19-stratus-nimbus-razor-blade-flu-summer-9c9522e398956c528a89e04a24244cf1
[2025-09-24 11:38:59][INFO] Discovered link: https://apnews.com/article/eating-fast-tips-to-slow-down-4ba7e9760ac5903fe29dc38a4205d701
[2025-09-24 11:38:59][INFO] Discovered link: https://apnews.com/article/wellness-journey-health-fitness-sleep-nutrition-overweight-926fca594538cd13d17abdf4b203fc64
[2025-09-24 11:38:59][INFO] Discovered link: https://apnews.com/article/foods-that-help-you-sleep-cookbook-95e0061b85936b8a72eb10377ec9c2c0
[2025-09-24 11:38:59][INFO] Discovered link: https://apnews.com/article/fear-of-flying-8e348402efc654a7248fb9fe4e5df852
[2025-09-24 11:38:59][INFO] Discovered link: https://apnews.com/article/russia-ukraine-war-mariupol-descends-into-despair-708cb8f4a171ce3f1c1b0b8d090e38e3
[2025-09-24 11:38:59][INFO] Discovered link: https://apnews.com/article/trump-un-climate-change-renewable-energy-5c033a24ec523a56f8244d85f3672eda
[2025-09-24 11:38:59][INFO] Discovered link: https://apnews.com/article/trump-renewable-energy-offshore-wind-revolution-wind-f1cbe85a829e3d5e5496f834bcb617d1
[2025-09-24 11:38:59][INFO] Discovered link: https://apnews.com/article/hurricane-gabrielle-tropical-weather-atlantic-bermuda-ba4f3724d48657ba40160aae454028a2
[2025-09-24 11:38:59][INFO] Discovered link: https://apnews.com/article/cdc-nightmare-bacteria-ndm-gene-95c40aae486e82a54efb16b965ee88b3
[2025-09-24 11:38:59][INFO] Discovered link: https://apnews.com/article/autism-trump-kennedy-tylenol-acetaminophen-7ebaf91e80b93f605899cefd66ac0eb2
[2025-09-24 11:38:59][INFO] Discovered link: https://apnews.com/article/autism-drug-leucovorin-trump-kennedy-d2b36faef3c4fc1f85e9fa9f958ad6c6
[2025-09-24 11:38:59][INFO] Discovered link: https://apnews.com/article/covid19-stratus-nimbus-razor-blade-flu-summer-9c9522e398956c528a89e04a24244cf1
[2025-09-24 11:38:59][INFO] Discovered link: https://apnews.com/article/eating-fast-tips-to-slow-down-4ba7e9760ac5903fe29dc38a4205d701
[2025-09-24 11:38:59][INFO] Discovered link: https://apnews.com/article/trump-tylenol-vaccines-pregnancy-8c8c44e40657a2338533c59ebefaa83a
[2025-09-24 11:38:59][INFO] Discovered link: https://apnews.com/article/unga-sim-farm-threat-explainer-5274ccc927ab180a1d5e0ffd475ed7c9
[2025-09-24 11:38:59][INFO] Discovered link: https://apnews.com/article/youtube-reinstatement-covid-election-misinformation-5809a1da0afece53d6e2088e4ac5e462
[2025-09-24 11:38:59][INFO] Discovered link: https://apnews.com/article/social-media-charlie-kirk-nepal-algorithm-d0a8baf12a16b2ed870283e64ee24a19
[2025-09-24 11:38:59][INFO] Discovered link: https://apnews.com/article/trump-tough-it-out-pregnancy-women-pain-acetaminophen-dc48caddabef2f086a50b48c5b86a3ca
[2025-09-24 11:38:59][INFO] Discovered link: https://apnews.com/article/rembrandt-venne-amsterdam-dog-night-watch-rijksmuseum-c6e2ef6e79c3983412685f64822b41c1
[2025-09-24 11:38:59][INFO] Discovered link: https://apnews.com/article/fat-bear-week-alaska-brown-bears-bffe1fab90e38753aba9811265e9ead2
[2025-09-24 11:38:59][INFO] Discovered link: https://apnews.com/article/rapture-end-times-evangelical-christians-tiktok-e7d065520186503a6223ee12df1f02dd
[2025-09-24 11:38:59][INFO] Discovered link: https://apnews.com/article/charlie-kirk-religious-revival-martyr-evangelical-churches-0e4649d798d22e0d43d93ef020716547
[2025-09-24 11:38:59][INFO] Discovered link: https://apnews.com/article/chicago-agente-ice-inmigrante-tiroteo-silverio-villegas-redadas-6ffea1ce94503bad69fb4913b30aa2fd
[2025-09-24 11:38:59][INFO] Discovered link: https://apnews.com/article/china-taiwan-filipinas-tifon-ragasa-cd8052b9817b55b7fd8c12b4eca21f82
[2025-09-24 11:38:59][INFO] Discovered link: https://apnews.com/article/tylenol-trump-salud-autismo-7d0f8972d972a3f985244b1e6828a7ad
[2025-09-24 11:38:59][INFO] Discovered link: https://apnews.com/article/argentina-eeuu-milei-dolar-16b7363340adc205f360faa8968d2485
[2025-09-24 11:38:59][INFO] Discovered link: https://apnews.com/article/eeuu-dallas-inmigracion-tiroteo-ice-3dd1c36108ae36091510adffd9ae8584
[2025-09-24 11:38:59][INFO] Discovered link: https://apnews.com/article/china-tifon-filipinas-hong-kong-macao-ragasa-e54012998e1756c9b4b774a6602c9cfc
[2025-09-24 11:38:59][INFO] Discovered link: https://apnews.com/article/ice-facility-shooting-dallas-immigration-d49f76ffc95572970ede58ef15769fe4
[2025-09-24 11:38:59][INFO] Discovered link: https://apnews.com/article/ice-facility-shooting-dallas-immigration-d49f76ffc95572970ede58ef15769fe4
[2025-09-24 11:38:59][INFO] Discovered link: https://apnews.com/article/ice-facility-shooting-dallas-immigration-d49f76ffc95572970ede58ef15769fe4
[2025-09-24 11:38:59][INFO] Discovered link: https://apnews.com/article/israel-palestinians-hamas-war-news-yemen-09-24-2025-7053f5847ddef21f2a19c334ab89e674
[2025-09-24 11:38:59][INFO] Discovered link: https://apnews.com/article/israel-palestinians-hamas-war-news-yemen-09-24-2025-7053f5847ddef21f2a19c334ab89e674
[2025-09-24 11:38:59][INFO] Discovered link: https://apnews.com/article/poll-trump-economy-approval-immigration-border-crime-373766302cde6d45624d6bb738b16231
[2025-09-24 11:38:59][INFO] Discovered link: https://apnews.com/article/poll-trump-economy-approval-immigration-border-crime-373766302cde6d45624d6bb738b16231
[2025-09-24 11:38:59][INFO] Discovered link: https://apnews.com/article/trump-white-house-rose-garden-club-e862eba55133195f0297c3595ba4122f
[2025-09-24 11:38:59][INFO] Discovered link: https://apnews.com/article/trump-white-house-rose-garden-club-e862eba55133195f0297c3595ba4122f
[2025-09-24 11:38:59][INFO] Discovered link: https://apnews.com/article/jimmy-kimmel-returns-suspension-charlie-kirk-d6421f17ebef4735753495b4f4997c8f
[2025-09-24 11:38:59][INFO] Discovered link: https://apnews.com/article/jimmy-kimmel-returns-suspension-charlie-kirk-d6421f17ebef4735753495b4f4997c8f
[2025-09-24 11:38:59][INFO] Discovered link: https://apnews.com/article/syria-united-nations-unga-c0471a2f7faece79fe15793fb0466501
[2025-09-24 11:38:59][INFO] Discovered link: https://apnews.com/article/syria-united-nations-unga-c0471a2f7faece79fe15793fb0466501
[2025-09-24 11:38:59][INFO] Discovered link: https://apnews.com/article/ukraine-zelenskyy-unga-united-nations-russia-ce276671d255befeba10a324caf2a7e5
[2025-09-24 11:38:59][INFO] Discovered link: https://apnews.com/article/ukraine-zelenskyy-unga-united-nations-russia-ce276671d255befeba10a324caf2a7e5
[2025-09-24 11:38:59][INFO] Discovered link: https://apnews.com/article/russia-nato-drones-estonia-latvia-lithuania-50636d55bff486b74e73ab947076744f
[2025-09-24 11:38:59][INFO] Discovered link: https://apnews.com/article/russia-nato-drones-estonia-latvia-lithuania-50636d55bff486b74e73ab947076744f
[2025-09-24 11:38:59][INFO] Discovered link: https://apnews.com/article/autism-drug-leucovorin-trump-kennedy-d2b36faef3c4fc1f85e9fa9f958ad6c6
[2025-09-24 11:38:59][INFO] Discovered link: https://apnews.com/article/autism-drug-leucovorin-trump-kennedy-d2b36faef3c4fc1f85e9fa9f958ad6c6
[2025-09-24 11:38:59][INFO] Discovered link: https://apnews.com/article/lara-croft-tomb-raider-artificial-intelligence-francoise-cadol-france-2597e82eb76653b7d2143dcfa7b49d3e
[2025-09-24 11:38:59][INFO] Discovered link: https://apnews.com/article/lara-croft-tomb-raider-artificial-intelligence-francoise-cadol-france-2597e82eb76653b7d2143dcfa7b49d3e
[2025-09-24 11:38:59][INFO] Discovered link: https://apnews.com/article/russia-ukraine-war-trump-putin-zelenskyy-6ec4cca65924277a0d87b81a1410bb4a
[2025-09-24 11:38:59][INFO] Discovered link: https://apnews.com/article/russia-ukraine-war-trump-putin-zelenskyy-6ec4cca65924277a0d87b81a1410bb4a
[2025-09-24 11:38:59][INFO] Discovered link: https://apnews.com/article/israel-palestinians-hamas-war-gaza-city-displacement-civilians-9c1126edc090fea7bc343b2b2809b7fd
[2025-09-24 11:38:59][INFO] Discovered link: https://apnews.com/article/israel-palestinians-hamas-war-gaza-city-displacement-civilians-9c1126edc090fea7bc343b2b2809b7fd
[2025-09-24 11:38:59][INFO] Discovered link: https://apnews.com/article/build-a-bear-stock-tariffs-mall-traffic-fb43ee7ffa62cb0c44da2e073100d922
[2025-09-24 11:38:59][INFO] Discovered link: https://apnews.com/article/build-a-bear-stock-tariffs-mall-traffic-fb43ee7ffa62cb0c44da2e073100d922
[2025-09-24 11:38:59][INFO] Discovered link: https://apnews.com/article/robot-umpires-mlb-2026-d70c6431d1cccfcf7a6e69e3ce47b417
[2025-09-24 11:38:59][INFO] Discovered link: https://apnews.com/article/robot-umpires-mlb-2026-d70c6431d1cccfcf7a6e69e3ce47b417
[2025-09-24 11:38:59][INFO] Discovered link: https://apnews.com/article/iran-nuclear-program-europe-sanctions-be7ef1415f50c6e8674da0d9318d3a05
[2025-09-24 11:38:59][INFO] Discovered link: https://apnews.com/article/iran-nuclear-program-europe-sanctions-be7ef1415f50c6e8674da0d9318d3a05
[2025-09-24 11:38:59][INFO] Discovered link: https://apnews.com/article/russia-ukraine-war-un-zelenskyy-trump-f28942b3915e40226654548bb3ee7919
[2025-09-24 11:38:59][INFO] Discovered link: https://apnews.com/article/russia-ukraine-war-un-zelenskyy-trump-f28942b3915e40226654548bb3ee7919
[2025-09-24 11:38:59][INFO] Discovered link: https://apnews.com/article/trump-shooting-attempt-florida-17673c4f90f410f9fe13cdbb9fb14926
[2025-09-24 11:38:59][INFO] Discovered link: https://apnews.com/article/trump-shooting-attempt-florida-17673c4f90f410f9fe13cdbb9fb14926
[2025-09-24 11:38:59][INFO] Discovered link: https://apnews.com/article/united-nations-unga-trump-global-feb243ecb979d53317dfb1cad9968038
[2025-09-24 11:38:59][INFO] Discovered link: https://apnews.com/article/united-nations-unga-trump-global-feb243ecb979d53317dfb1cad9968038
[2025-09-24 11:38:59][INFO] Discovered link: https://apnews.com/article/trump-doctor-vaccines-autism-tylenol-covid-disinfectants-22f5bcfe2fd3c18fdd412419941541f8
[2025-09-24 11:38:59][INFO] Discovered link: https://apnews.com/article/trump-doctor-vaccines-autism-tylenol-covid-disinfectants-22f5bcfe2fd3c18fdd412419941541f8
[2025-09-24 11:38:59][INFO] Discovered link: https://apnews.com/article/trump-antifa-executive-order-domestic-terrorist-organization-6ea07143e10bb811aa88b9da5aa26765
[2025-09-24 11:38:59][INFO] Discovered link: https://apnews.com/article/trump-antifa-executive-order-domestic-terrorist-organization-6ea07143e10bb811aa88b9da5aa26765
[2025-09-24 11:38:59][INFO] Discovered link: https://apnews.com/article/acc-football-scheduling-nine-games-c7d3c5980a052051bf805808e353f24e
[2025-09-24 11:38:59][INFO] Discovered link: https://apnews.com/article/acc-football-scheduling-nine-games-c7d3c5980a052051bf805808e353f24e
[2025-09-24 11:38:59][INFO] Discovered link: https://apnews.com/article/trump-fire-ftc-commissioner-supreme-court-2149d7c3802b3ddea6e157d3a0afd292
[2025-09-24 11:38:59][INFO] Discovered link: https://apnews.com/article/trump-fire-ftc-commissioner-supreme-court-2149d7c3802b3ddea6e157d3a0afd292
[2025-09-24 11:38:59][INFO] Discovered link: https://apnews.com/article/moldova-russia-arrests-plot-election-293ee902e878ce1efcca339759eb06d0
[2025-09-24 11:38:59][INFO] Discovered link: https://apnews.com/article/moldova-russia-arrests-plot-election-293ee902e878ce1efcca339759eb06d0
[2025-09-24 11:38:59][INFO] Discovered link: https://apnews.com/article/north-carolina-senate-whatley-cooper-train-stabbing-15319b939f1ad6efac443ff00a0bf091
[2025-09-24 11:38:59][INFO] Discovered link: https://apnews.com/article/north-carolina-senate-whatley-cooper-train-stabbing-15319b939f1ad6efac443ff00a0bf091
[2025-09-24 11:38:59][INFO] Discovered link: https://apnews.com/article/russia-us-nuclear-treaty-limits-4f49d09af7ce4a14dd54b9a0021c6a7c
[2025-09-24 11:38:59][INFO] Discovered link: https://apnews.com/article/russia-us-nuclear-treaty-limits-4f49d09af7ce4a14dd54b9a0021c6a7c
[2025-09-24 11:38:59][INFO] Discovered link: https://apnews.com/article/earthquake-san-francisco-berkeley-california-52502daeb6bf1293726f07da64c35478
[2025-09-24 11:38:59][INFO] Discovered link: https://apnews.com/article/earthquake-san-francisco-berkeley-california-52502daeb6bf1293726f07da64c35478
[2025-09-24 11:38:59][INFO] Discovered link: https://apnews.com/article/greece-tax-ai-technology-b0c6c32dae42964142d8ef9aa7f0e9c6
[2025-09-24 11:38:59][INFO] Discovered link: https://apnews.com/article/greece-tax-ai-technology-b0c6c32dae42964142d8ef9aa7f0e9c6
[2025-09-24 11:38:59][INFO] Discovered link: https://apnews.com/article/north-korea-trump-kim-good-memories-nuclear-be9f1f41e56914ca07934bf7c50b8237
[2025-09-24 11:38:59][INFO] Discovered link: https://apnews.com/article/north-korea-trump-kim-good-memories-nuclear-be9f1f41e56914ca07934bf7c50b8237
[2025-09-24 11:38:59][INFO] Discovered link: https://apnews.com/article/syria-un-general-assembly-sharaa-sanctions-4841d6ddc29ec07c703ffef64926fb06
[2025-09-24 11:38:59][INFO] Discovered link: https://apnews.com/article/syria-un-general-assembly-sharaa-sanctions-4841d6ddc29ec07c703ffef64926fb06
[2025-09-24 11:38:59][INFO] Discovered link: https://apnews.com/article/ap-top-25-college-football-08b8bbda2d65d5175ea99102e57520da
[2025-09-24 11:38:59][INFO] Discovered link: https://apnews.com/article/ap-top-25-college-football-08b8bbda2d65d5175ea99102e57520da
[2025-09-24 11:38:59][INFO] Discovered link: https://apnews.com/article/unga-israel-palestinians-statehood-gaza-war-11edddc147d24c73d13316330ebae1d4
[2025-09-24 11:38:59][INFO] Discovered link: https://apnews.com/article/unga-israel-palestinians-statehood-gaza-war-11edddc147d24c73d13316330ebae1d4
[2025-09-24 11:38:59][INFO] Discovered link: https://apnews.com/article/christopher-nolan-directors-guild-066694e2533156a079e7e615aa09b1be
[2025-09-24 11:38:59][INFO] Discovered link: https://apnews.com/article/christopher-nolan-directors-guild-066694e2533156a079e7e615aa09b1be
[2025-09-24 11:38:59][INFO] Discovered link: https://apnews.com/article/russia-ukraine-war-belgorod-drones-7aedb2a342e56dd22504448d1ccd1bed
[2025-09-24 11:38:59][INFO] Discovered link: https://apnews.com/article/russia-ukraine-war-belgorod-drones-7aedb2a342e56dd22504448d1ccd1bed
[2025-09-24 11:38:59][INFO] Discovered link: https://apnews.com/article/new-hampshire-shooting-wedding-48f8ebef2f5200c0e3a186ec9bd2efa1
[2025-09-24 11:38:59][INFO] Discovered link: https://apnews.com/article/new-hampshire-shooting-wedding-48f8ebef2f5200c0e3a186ec9bd2efa1
[2025-09-24 11:38:59][INFO] Discovered link: https://apnews.com/article/afghanistan-taliban-bagram-trump-airbase-122225b702aa6b788c3a9836add60db1
[2025-09-24 11:38:59][INFO] Discovered link: https://apnews.com/article/afghanistan-taliban-bagram-trump-airbase-122225b702aa6b788c3a9836add60db1
[2025-09-24 11:38:59][INFO] Discovered link: https://apnews.com/article/israel-palestinians-hamas-war-news-09-21-2025-6697b72cb308da276e6e4c9409fcf5c9
[2025-09-24 11:38:59][INFO] Discovered link: https://apnews.com/article/israel-palestinians-hamas-war-news-09-21-2025-6697b72cb308da276e6e4c9409fcf5c9
[2025-09-24 11:38:59][INFO] Discovered link: https://apnews.com/article/britain-palestine-recognition-israel-starmer-f667dca304a308b4b3ccf8100ef5051e
[2025-09-24 11:38:59][INFO] Discovered link: https://apnews.com/article/britain-palestine-recognition-israel-starmer-f667dca304a308b4b3ccf8100ef5051e
[2025-09-24 11:38:59][INFO] Discovered link: https://apnews.com/article/charlie-kirk-trump-memorial-service-b5469086954908b162f464da966cf238
[2025-09-24 11:38:59][INFO] Discovered link: https://apnews.com/article/charlie-kirk-trump-memorial-service-b5469086954908b162f464da966cf238
[2025-09-24 11:38:59][INFO] Discovered link: https://apnews.com/article/donald-trump-ben-carson-presidential-medal-96c072b07289f147a14ba6805681b6fa
[2025-09-24 11:38:59][INFO] Discovered link: https://apnews.com/article/donald-trump-ben-carson-presidential-medal-96c072b07289f147a14ba6805681b6fa
[2025-09-24 11:38:59][INFO] Discovered link: https://apnews.com/article/pentagon-press-media-restrictions-nondisclosure-8420d3a80de20a39605c588d9990c582
[2025-09-24 11:38:59][INFO] Discovered link: https://apnews.com/article/pentagon-press-media-restrictions-nondisclosure-8420d3a80de20a39605c588d9990c582
[2025-09-24 11:38:59][INFO] Saved: https://apnews.com/article/pentagon-press-media-restrictions-nondisclosure-8420d3a80de20a39605c588d9990c582
[2025-09-24 11:38:59][INFO] Saved: https://apnews.com/article/pentagon-press-media-restrictions-nondisclosure-8420d3a80de20a39605c588d9990c582
[2025-09-24 11:38:59][INFO] Saved: https://apnews.com/article/donald-trump-ben-carson-presidential-medal-96c072b07289f147a14ba6805681b6fa
[2025-09-24 11:38:59][INFO] Saved: https://apnews.com/article/donald-trump-ben-carson-presidential-medal-96c072b07289f147a14ba6805681b6fa
[2025-09-24 11:38:59][INFO] Saved: https://apnews.com/article/pentagon-press-media-restrictions-nondisclosure-8420d3a80de20a39605c588d9990c582
[2025-09-24 11:38:59][INFO] Saved: https://apnews.com/article/pentagon-press-media-restrictions-nondisclosure-8420d3a80de20a39605c588d9990c582
[2025-09-24 11:39:00][INFO] Saved: https://apnews.com/article/donald-trump-ben-carson-presidential-medal-96c072b07289f147a14ba6805681b6fa
[2025-09-24 11:39:00][INFO] Saved: https://apnews.com/article/donald-trump-ben-carson-presidential-medal-96c072b07289f147a14ba6805681b6fa
[2025-09-24 11:39:00][INFO] Saved: https://apnews.com/article/israel-palestinians-hamas-war-news-09-21-2025-6697b72cb308da276e6e4c9409fcf5c9
[2025-09-24 11:39:00][INFO] Saved: https://apnews.com/article/israel-palestinians-hamas-war-news-09-21-2025-6697b72cb308da276e6e4c9409fcf5c9
[2025-09-24 11:39:00][INFO] Saved: https://apnews.com/article/israel-palestinians-hamas-war-news-09-21-2025-6697b72cb308da276e6e4c9409fcf5c9
[2025-09-24 11:39:00][INFO] Saved: https://apnews.com/article/israel-palestinians-hamas-war-news-09-21-2025-6697b72cb308da276e6e4c9409fcf5c9
[2025-09-24 11:39:00][INFO] Saved: https://apnews.com/article/charlie-kirk-trump-memorial-service-b5469086954908b162f464da966cf238
[2025-09-24 11:39:00][INFO] Saved: https://apnews.com/article/charlie-kirk-trump-memorial-service-b5469086954908b162f464da966cf238
[2025-09-24 11:39:00][INFO] Saved: https://apnews.com/article/charlie-kirk-trump-memorial-service-b5469086954908b162f464da966cf238
[2025-09-24 11:39:00][INFO] Saved: https://apnews.com/article/charlie-kirk-trump-memorial-service-b5469086954908b162f464da966cf238
[2025-09-24 11:39:00][INFO] Saved: https://apnews.com/article/russia-ukraine-war-belgorod-drones-7aedb2a342e56dd22504448d1ccd1bed
[2025-09-24 11:39:00][INFO] Saved: https://apnews.com/article/russia-ukraine-war-belgorod-drones-7aedb2a342e56dd22504448d1ccd1bed
[2025-09-24 11:39:00][INFO] Saved: https://apnews.com/article/russia-ukraine-war-belgorod-drones-7aedb2a342e56dd22504448d1ccd1bed
[2025-09-24 11:39:00][INFO] Saved: https://apnews.com/article/russia-ukraine-war-belgorod-drones-7aedb2a342e56dd22504448d1ccd1bed
[2025-09-24 11:39:00][INFO] Saved: https://apnews.com/article/christopher-nolan-directors-guild-066694e2533156a079e7e615aa09b1be
[2025-09-24 11:39:00][INFO] Saved: https://apnews.com/article/christopher-nolan-directors-guild-066694e2533156a079e7e615aa09b1be
[2025-09-24 11:39:00][INFO] Saved: https://apnews.com/article/britain-palestine-recognition-israel-starmer-f667dca304a308b4b3ccf8100ef5051e
[2025-09-24 11:39:00][INFO] Saved: https://apnews.com/article/britain-palestine-recognition-israel-starmer-f667dca304a308b4b3ccf8100ef5051e
[2025-09-24 11:39:00][INFO] Saved: https://apnews.com/article/christopher-nolan-directors-guild-066694e2533156a079e7e615aa09b1be
[2025-09-24 11:39:00][INFO] Saved: https://apnews.com/article/christopher-nolan-directors-guild-066694e2533156a079e7e615aa09b1be
[2025-09-24 11:39:00][INFO] Saved: https://apnews.com/article/afghanistan-taliban-bagram-trump-airbase-122225b702aa6b788c3a9836add60db1
[2025-09-24 11:39:00][INFO] Saved: https://apnews.com/article/afghanistan-taliban-bagram-trump-airbase-122225b702aa6b788c3a9836add60db1
[2025-09-24 11:39:00][INFO] Saved: https://apnews.com/article/britain-palestine-recognition-israel-starmer-f667dca304a308b4b3ccf8100ef5051e
[2025-09-24 11:39:00][INFO] Saved: https://apnews.com/article/britain-palestine-recognition-israel-starmer-f667dca304a308b4b3ccf8100ef5051e
[2025-09-24 11:39:00][INFO] Saved: https://apnews.com/article/new-hampshire-shooting-wedding-48f8ebef2f5200c0e3a186ec9bd2efa1
[2025-09-24 11:39:00][INFO] Saved: https://apnews.com/article/new-hampshire-shooting-wedding-48f8ebef2f5200c0e3a186ec9bd2efa1
[2025-09-24 11:39:01][INFO] Saved: https://apnews.com/article/syria-un-general-assembly-sharaa-sanctions-4841d6ddc29ec07c703ffef64926fb06
[2025-09-24 11:39:01][INFO] Saved: https://apnews.com/article/syria-un-general-assembly-sharaa-sanctions-4841d6ddc29ec07c703ffef64926fb06
[2025-09-24 11:39:01][INFO] Saved: https://apnews.com/article/north-korea-trump-kim-good-memories-nuclear-be9f1f41e56914ca07934bf7c50b8237
[2025-09-24 11:39:01][INFO] Saved: https://apnews.com/article/north-korea-trump-kim-good-memories-nuclear-be9f1f41e56914ca07934bf7c50b8237
[2025-09-24 11:39:01][INFO] Saved: https://apnews.com/article/ap-top-25-college-football-08b8bbda2d65d5175ea99102e57520da
[2025-09-24 11:39:01][INFO] Saved: https://apnews.com/article/ap-top-25-college-football-08b8bbda2d65d5175ea99102e57520da
[2025-09-24 11:39:01][INFO] Saved: https://apnews.com/article/new-hampshire-shooting-wedding-48f8ebef2f5200c0e3a186ec9bd2efa1
[2025-09-24 11:39:01][INFO] Saved: https://apnews.com/article/new-hampshire-shooting-wedding-48f8ebef2f5200c0e3a186ec9bd2efa1
[2025-09-24 11:39:01][INFO] Saved: https://apnews.com/article/afghanistan-taliban-bagram-trump-airbase-122225b702aa6b788c3a9836add60db1
[2025-09-24 11:39:01][INFO] Saved: https://apnews.com/article/afghanistan-taliban-bagram-trump-airbase-122225b702aa6b788c3a9836add60db1
[2025-09-24 11:39:01][INFO] Saved: https://apnews.com/article/unga-israel-palestinians-statehood-gaza-war-11edddc147d24c73d13316330ebae1d4
[2025-09-24 11:39:01][INFO] Saved: https://apnews.com/article/unga-israel-palestinians-statehood-gaza-war-11edddc147d24c73d13316330ebae1d4
[2025-09-24 11:39:01][INFO] Saved: https://apnews.com/article/north-korea-trump-kim-good-memories-nuclear-be9f1f41e56914ca07934bf7c50b8237
[2025-09-24 11:39:01][INFO] Saved: https://apnews.com/article/north-korea-trump-kim-good-memories-nuclear-be9f1f41e56914ca07934bf7c50b8237
[2025-09-24 11:39:01][INFO] Saved: https://apnews.com/article/unga-israel-palestinians-statehood-gaza-war-11edddc147d24c73d13316330ebae1d4
[2025-09-24 11:39:01][INFO] Saved: https://apnews.com/article/unga-israel-palestinians-statehood-gaza-war-11edddc147d24c73d13316330ebae1d4
[2025-09-24 11:39:01][INFO] Saved: https://apnews.com/article/syria-un-general-assembly-sharaa-sanctions-4841d6ddc29ec07c703ffef64926fb06
[2025-09-24 11:39:01][INFO] Saved: https://apnews.com/article/syria-un-general-assembly-sharaa-sanctions-4841d6ddc29ec07c703ffef64926fb06
[2025-09-24 11:39:01][INFO] Saved: https://apnews.com/article/ap-top-25-college-football-08b8bbda2d65d5175ea99102e57520da
[2025-09-24 11:39:01][INFO] Saved: https://apnews.com/article/ap-top-25-college-football-08b8bbda2d65d5175ea99102e57520da
[2025-09-24 11:39:01][INFO] Saved: https://apnews.com/article/north-carolina-senate-whatley-cooper-train-stabbing-15319b939f1ad6efac443ff00a0bf091
[2025-09-24 11:39:01][INFO] Saved: https://apnews.com/article/north-carolina-senate-whatley-cooper-train-stabbing-15319b939f1ad6efac443ff00a0bf091
[2025-09-24 11:39:01][INFO] Saved: https://apnews.com/article/earthquake-san-francisco-berkeley-california-52502daeb6bf1293726f07da64c35478
[2025-09-24 11:39:01][INFO] Saved: https://apnews.com/article/earthquake-san-francisco-berkeley-california-52502daeb6bf1293726f07da64c35478
[2025-09-24 11:39:01][INFO] Saved: https://apnews.com/article/russia-us-nuclear-treaty-limits-4f49d09af7ce4a14dd54b9a0021c6a7c
[2025-09-24 11:39:01][INFO] Saved: https://apnews.com/article/russia-us-nuclear-treaty-limits-4f49d09af7ce4a14dd54b9a0021c6a7c
[2025-09-24 11:39:01][INFO] Saved: https://apnews.com/article/greece-tax-ai-technology-b0c6c32dae42964142d8ef9aa7f0e9c6
[2025-09-24 11:39:01][INFO] Saved: https://apnews.com/article/greece-tax-ai-technology-b0c6c32dae42964142d8ef9aa7f0e9c6
[2025-09-24 11:39:01][INFO] Saved: https://apnews.com/article/russia-us-nuclear-treaty-limits-4f49d09af7ce4a14dd54b9a0021c6a7c
[2025-09-24 11:39:01][INFO] Saved: https://apnews.com/article/russia-us-nuclear-treaty-limits-4f49d09af7ce4a14dd54b9a0021c6a7c
[2025-09-24 11:39:01][INFO] Saved: https://apnews.com/article/earthquake-san-francisco-berkeley-california-52502daeb6bf1293726f07da64c35478
[2025-09-24 11:39:01][INFO] Saved: https://apnews.com/article/earthquake-san-francisco-berkeley-california-52502daeb6bf1293726f07da64c35478
[2025-09-24 11:39:01][INFO] Saved: https://apnews.com/article/greece-tax-ai-technology-b0c6c32dae42964142d8ef9aa7f0e9c6
[2025-09-24 11:39:01][INFO] Saved: https://apnews.com/article/greece-tax-ai-technology-b0c6c32dae42964142d8ef9aa7f0e9c6
[2025-09-24 11:39:02][INFO] Saved: https://apnews.com/article/acc-football-scheduling-nine-games-c7d3c5980a052051bf805808e353f24e
[2025-09-24 11:39:02][INFO] Saved: https://apnews.com/article/acc-football-scheduling-nine-games-c7d3c5980a052051bf805808e353f24e
[2025-09-24 11:39:02][INFO] Saved: https://apnews.com/article/north-carolina-senate-whatley-cooper-train-stabbing-15319b939f1ad6efac443ff00a0bf091
[2025-09-24 11:39:02][INFO] Saved: https://apnews.com/article/north-carolina-senate-whatley-cooper-train-stabbing-15319b939f1ad6efac443ff00a0bf091
[2025-09-24 11:39:02][INFO] Saved: https://apnews.com/article/trump-antifa-executive-order-domestic-terrorist-organization-6ea07143e10bb811aa88b9da5aa26765
[2025-09-24 11:39:02][INFO] Saved: https://apnews.com/article/trump-antifa-executive-order-domestic-terrorist-organization-6ea07143e10bb811aa88b9da5aa26765
[2025-09-24 11:39:02][INFO] Saved: https://apnews.com/article/trump-fire-ftc-commissioner-supreme-court-2149d7c3802b3ddea6e157d3a0afd292
[2025-09-24 11:39:02][INFO] Saved: https://apnews.com/article/trump-fire-ftc-commissioner-supreme-court-2149d7c3802b3ddea6e157d3a0afd292
[2025-09-24 11:39:02][INFO] Saved: https://apnews.com/article/moldova-russia-arrests-plot-election-293ee902e878ce1efcca339759eb06d0
[2025-09-24 11:39:02][INFO] Saved: https://apnews.com/article/moldova-russia-arrests-plot-election-293ee902e878ce1efcca339759eb06d0
[2025-09-24 11:39:02][INFO] Saved: https://apnews.com/article/acc-football-scheduling-nine-games-c7d3c5980a052051bf805808e353f24e
[2025-09-24 11:39:02][INFO] Saved: https://apnews.com/article/acc-football-scheduling-nine-games-c7d3c5980a052051bf805808e353f24e
[2025-09-24 11:39:02][INFO] Saved: https://apnews.com/article/moldova-russia-arrests-plot-election-293ee902e878ce1efcca339759eb06d0
[2025-09-24 11:39:02][INFO] Saved: https://apnews.com/article/moldova-russia-arrests-plot-election-293ee902e878ce1efcca339759eb06d0
[2025-09-24 11:39:02][INFO] Saved: https://apnews.com/article/trump-fire-ftc-commissioner-supreme-court-2149d7c3802b3ddea6e157d3a0afd292
[2025-09-24 11:39:02][INFO] Saved: https://apnews.com/article/trump-fire-ftc-commissioner-supreme-court-2149d7c3802b3ddea6e157d3a0afd292
[2025-09-24 11:39:02][INFO] Saved: https://apnews.com/article/united-nations-unga-trump-global-feb243ecb979d53317dfb1cad9968038
[2025-09-24 11:39:02][INFO] Saved: https://apnews.com/article/united-nations-unga-trump-global-feb243ecb979d53317dfb1cad9968038
[2025-09-24 11:39:02][INFO] Saved: https://apnews.com/article/trump-doctor-vaccines-autism-tylenol-covid-disinfectants-22f5bcfe2fd3c18fdd412419941541f8
[2025-09-24 11:39:02][INFO] Saved: https://apnews.com/article/trump-doctor-vaccines-autism-tylenol-covid-disinfectants-22f5bcfe2fd3c18fdd412419941541f8
[2025-09-24 11:39:02][INFO] Saved: https://apnews.com/article/trump-antifa-executive-order-domestic-terrorist-organization-6ea07143e10bb811aa88b9da5aa26765
[2025-09-24 11:39:02][INFO] Saved: https://apnews.com/article/trump-antifa-executive-order-domestic-terrorist-organization-6ea07143e10bb811aa88b9da5aa26765
[2025-09-24 11:39:02][INFO] Saved: https://apnews.com/article/trump-shooting-attempt-florida-17673c4f90f410f9fe13cdbb9fb14926
[2025-09-24 11:39:02][INFO] Saved: https://apnews.com/article/trump-shooting-attempt-florida-17673c4f90f410f9fe13cdbb9fb14926
[2025-09-24 11:39:02][INFO] Saved: https://apnews.com/article/united-nations-unga-trump-global-feb243ecb979d53317dfb1cad9968038
[2025-09-24 11:39:02][INFO] Saved: https://apnews.com/article/united-nations-unga-trump-global-feb243ecb979d53317dfb1cad9968038
[2025-09-24 11:39:02][INFO] Saved: https://apnews.com/article/trump-shooting-attempt-florida-17673c4f90f410f9fe13cdbb9fb14926
[2025-09-24 11:39:02][INFO] Saved: https://apnews.com/article/trump-shooting-attempt-florida-17673c4f90f410f9fe13cdbb9fb14926
[2025-09-24 11:39:02][INFO] Saved: https://apnews.com/article/trump-doctor-vaccines-autism-tylenol-covid-disinfectants-22f5bcfe2fd3c18fdd412419941541f8
[2025-09-24 11:39:02][INFO] Saved: https://apnews.com/article/trump-doctor-vaccines-autism-tylenol-covid-disinfectants-22f5bcfe2fd3c18fdd412419941541f8
[2025-09-24 11:39:02][INFO] Saved: https://apnews.com/article/build-a-bear-stock-tariffs-mall-traffic-fb43ee7ffa62cb0c44da2e073100d922
[2025-09-24 11:39:02][INFO] Saved: https://apnews.com/article/build-a-bear-stock-tariffs-mall-traffic-fb43ee7ffa62cb0c44da2e073100d922
[2025-09-24 11:39:02][INFO] Saved: https://apnews.com/article/build-a-bear-stock-tariffs-mall-traffic-fb43ee7ffa62cb0c44da2e073100d922
[2025-09-24 11:39:02][INFO] Saved: https://apnews.com/article/build-a-bear-stock-tariffs-mall-traffic-fb43ee7ffa62cb0c44da2e073100d922
[2025-09-24 11:39:02][INFO] Saved: https://apnews.com/article/robot-umpires-mlb-2026-d70c6431d1cccfcf7a6e69e3ce47b417
[2025-09-24 11:39:02][INFO] Saved: https://apnews.com/article/robot-umpires-mlb-2026-d70c6431d1cccfcf7a6e69e3ce47b417
[2025-09-24 11:39:02][INFO] Saved: https://apnews.com/article/russia-ukraine-war-un-zelenskyy-trump-f28942b3915e40226654548bb3ee7919
[2025-09-24 11:39:02][INFO] Saved: https://apnews.com/article/russia-ukraine-war-un-zelenskyy-trump-f28942b3915e40226654548bb3ee7919
[2025-09-24 11:39:02][INFO] Saved: https://apnews.com/article/russia-ukraine-war-un-zelenskyy-trump-f28942b3915e40226654548bb3ee7919
[2025-09-24 11:39:02][INFO] Saved: https://apnews.com/article/russia-ukraine-war-un-zelenskyy-trump-f28942b3915e40226654548bb3ee7919
[2025-09-24 11:39:02][INFO] Saved: https://apnews.com/article/israel-palestinians-hamas-war-gaza-city-displacement-civilians-9c1126edc090fea7bc343b2b2809b7fd
[2025-09-24 11:39:02][INFO] Saved: https://apnews.com/article/israel-palestinians-hamas-war-gaza-city-displacement-civilians-9c1126edc090fea7bc343b2b2809b7fd
[2025-09-24 11:39:03][INFO] Saved: https://apnews.com/article/israel-palestinians-hamas-war-gaza-city-displacement-civilians-9c1126edc090fea7bc343b2b2809b7fd
[2025-09-24 11:39:03][INFO] Saved: https://apnews.com/article/israel-palestinians-hamas-war-gaza-city-displacement-civilians-9c1126edc090fea7bc343b2b2809b7fd
[2025-09-24 11:39:03][INFO] Saved: https://apnews.com/article/iran-nuclear-program-europe-sanctions-be7ef1415f50c6e8674da0d9318d3a05
[2025-09-24 11:39:03][INFO] Saved: https://apnews.com/article/iran-nuclear-program-europe-sanctions-be7ef1415f50c6e8674da0d9318d3a05
[2025-09-24 11:39:03][INFO] Saved: https://apnews.com/article/robot-umpires-mlb-2026-d70c6431d1cccfcf7a6e69e3ce47b417
[2025-09-24 11:39:03][INFO] Saved: https://apnews.com/article/robot-umpires-mlb-2026-d70c6431d1cccfcf7a6e69e3ce47b417
[2025-09-24 11:39:03][INFO] Saved: https://apnews.com/article/iran-nuclear-program-europe-sanctions-be7ef1415f50c6e8674da0d9318d3a05
[2025-09-24 11:39:03][INFO] Saved: https://apnews.com/article/iran-nuclear-program-europe-sanctions-be7ef1415f50c6e8674da0d9318d3a05
[2025-09-24 11:39:03][INFO] Saved: https://apnews.com/article/lara-croft-tomb-raider-artificial-intelligence-francoise-cadol-france-2597e82eb76653b7d2143dcfa7b49d3e
[2025-09-24 11:39:03][INFO] Saved: https://apnews.com/article/lara-croft-tomb-raider-artificial-intelligence-francoise-cadol-france-2597e82eb76653b7d2143dcfa7b49d3e
[2025-09-24 11:39:03][INFO] Saved: https://apnews.com/article/lara-croft-tomb-raider-artificial-intelligence-francoise-cadol-france-2597e82eb76653b7d2143dcfa7b49d3e
[2025-09-24 11:39:03][INFO] Saved: https://apnews.com/article/lara-croft-tomb-raider-artificial-intelligence-francoise-cadol-france-2597e82eb76653b7d2143dcfa7b49d3e
[2025-09-24 11:39:03][INFO] Saved: https://apnews.com/article/autism-drug-leucovorin-trump-kennedy-d2b36faef3c4fc1f85e9fa9f958ad6c6
[2025-09-24 11:39:03][INFO] Saved: https://apnews.com/article/autism-drug-leucovorin-trump-kennedy-d2b36faef3c4fc1f85e9fa9f958ad6c6
[2025-09-24 11:39:03][INFO] Saved: https://apnews.com/article/autism-drug-leucovorin-trump-kennedy-d2b36faef3c4fc1f85e9fa9f958ad6c6
[2025-09-24 11:39:03][INFO] Saved: https://apnews.com/article/autism-drug-leucovorin-trump-kennedy-d2b36faef3c4fc1f85e9fa9f958ad6c6
[2025-09-24 11:39:03][INFO] Saved: https://apnews.com/article/russia-ukraine-war-trump-putin-zelenskyy-6ec4cca65924277a0d87b81a1410bb4a
[2025-09-24 11:39:03][INFO] Saved: https://apnews.com/article/russia-ukraine-war-trump-putin-zelenskyy-6ec4cca65924277a0d87b81a1410bb4a
[2025-09-24 11:39:03][INFO] Saved: https://apnews.com/article/russia-nato-drones-estonia-latvia-lithuania-50636d55bff486b74e73ab947076744f
[2025-09-24 11:39:03][INFO] Saved: https://apnews.com/article/russia-nato-drones-estonia-latvia-lithuania-50636d55bff486b74e73ab947076744f
[2025-09-24 11:39:03][INFO] Saved: https://apnews.com/article/russia-ukraine-war-trump-putin-zelenskyy-6ec4cca65924277a0d87b81a1410bb4a
[2025-09-24 11:39:03][INFO] Saved: https://apnews.com/article/russia-ukraine-war-trump-putin-zelenskyy-6ec4cca65924277a0d87b81a1410bb4a
[2025-09-24 11:39:03][INFO] Saved: https://apnews.com/article/ukraine-zelenskyy-unga-united-nations-russia-ce276671d255befeba10a324caf2a7e5
[2025-09-24 11:39:03][INFO] Saved: https://apnews.com/article/ukraine-zelenskyy-unga-united-nations-russia-ce276671d255befeba10a324caf2a7e5
[2025-09-24 11:39:03][INFO] Saved: https://apnews.com/article/syria-united-nations-unga-c0471a2f7faece79fe15793fb0466501
[2025-09-24 11:39:03][INFO] Saved: https://apnews.com/article/syria-united-nations-unga-c0471a2f7faece79fe15793fb0466501
[2025-09-24 11:39:03][INFO] Saved: https://apnews.com/article/jimmy-kimmel-returns-suspension-charlie-kirk-d6421f17ebef4735753495b4f4997c8f
[2025-09-24 11:39:03][INFO] Saved: https://apnews.com/article/jimmy-kimmel-returns-suspension-charlie-kirk-d6421f17ebef4735753495b4f4997c8f
[2025-09-24 11:39:03][INFO] Saved: https://apnews.com/article/russia-nato-drones-estonia-latvia-lithuania-50636d55bff486b74e73ab947076744f
[2025-09-24 11:39:03][INFO] Saved: https://apnews.com/article/russia-nato-drones-estonia-latvia-lithuania-50636d55bff486b74e73ab947076744f
[2025-09-24 11:39:03][INFO] Saved: https://apnews.com/article/trump-white-house-rose-garden-club-e862eba55133195f0297c3595ba4122f
[2025-09-24 11:39:03][INFO] Saved: https://apnews.com/article/trump-white-house-rose-garden-club-e862eba55133195f0297c3595ba4122f
[2025-09-24 11:39:03][INFO] Saved: https://apnews.com/article/jimmy-kimmel-returns-suspension-charlie-kirk-d6421f17ebef4735753495b4f4997c8f
[2025-09-24 11:39:03][INFO] Saved: https://apnews.com/article/jimmy-kimmel-returns-suspension-charlie-kirk-d6421f17ebef4735753495b4f4997c8f
[2025-09-24 11:39:04][INFO] Saved: https://apnews.com/article/ukraine-zelenskyy-unga-united-nations-russia-ce276671d255befeba10a324caf2a7e5
[2025-09-24 11:39:04][INFO] Saved: https://apnews.com/article/ukraine-zelenskyy-unga-united-nations-russia-ce276671d255befeba10a324caf2a7e5
[2025-09-24 11:39:04][INFO] Saved: https://apnews.com/article/poll-trump-economy-approval-immigration-border-crime-373766302cde6d45624d6bb738b16231
[2025-09-24 11:39:04][INFO] Saved: https://apnews.com/article/poll-trump-economy-approval-immigration-border-crime-373766302cde6d45624d6bb738b16231
[2025-09-24 11:39:04][INFO] Saved: https://apnews.com/article/syria-united-nations-unga-c0471a2f7faece79fe15793fb0466501
[2025-09-24 11:39:04][INFO] Saved: https://apnews.com/article/syria-united-nations-unga-c0471a2f7faece79fe15793fb0466501
[2025-09-24 11:39:04][INFO] Saved: https://apnews.com/article/israel-palestinians-hamas-war-news-yemen-09-24-2025-7053f5847ddef21f2a19c334ab89e674
[2025-09-24 11:39:04][INFO] Saved: https://apnews.com/article/israel-palestinians-hamas-war-news-yemen-09-24-2025-7053f5847ddef21f2a19c334ab89e674
[2025-09-24 11:39:04][INFO] Saved: https://apnews.com/article/poll-trump-economy-approval-immigration-border-crime-373766302cde6d45624d6bb738b16231
[2025-09-24 11:39:04][INFO] Saved: https://apnews.com/article/poll-trump-economy-approval-immigration-border-crime-373766302cde6d45624d6bb738b16231
[2025-09-24 11:39:04][INFO] Saved: https://apnews.com/article/trump-white-house-rose-garden-club-e862eba55133195f0297c3595ba4122f
[2025-09-24 11:39:04][INFO] Saved: https://apnews.com/article/trump-white-house-rose-garden-club-e862eba55133195f0297c3595ba4122f
[2025-09-24 11:39:04][INFO] Saved: https://apnews.com/article/ice-facility-shooting-dallas-immigration-d49f76ffc95572970ede58ef15769fe4
[2025-09-24 11:39:04][INFO] Saved: https://apnews.com/article/ice-facility-shooting-dallas-immigration-d49f76ffc95572970ede58ef15769fe4
[2025-09-24 11:39:04][INFO] Saved: https://apnews.com/article/china-tifon-filipinas-hong-kong-macao-ragasa-e54012998e1756c9b4b774a6602c9cfc
[2025-09-24 11:39:04][INFO] Saved: https://apnews.com/article/china-tifon-filipinas-hong-kong-macao-ragasa-e54012998e1756c9b4b774a6602c9cfc
[2025-09-24 11:39:04][INFO] Saved: https://apnews.com/article/israel-palestinians-hamas-war-news-yemen-09-24-2025-7053f5847ddef21f2a19c334ab89e674
[2025-09-24 11:39:04][INFO] Saved: https://apnews.com/article/israel-palestinians-hamas-war-news-yemen-09-24-2025-7053f5847ddef21f2a19c334ab89e674
[2025-09-24 11:39:04][INFO] Saved: https://apnews.com/article/ice-facility-shooting-dallas-immigration-d49f76ffc95572970ede58ef15769fe4
[2025-09-24 11:39:04][INFO] Saved: https://apnews.com/article/ice-facility-shooting-dallas-immigration-d49f76ffc95572970ede58ef15769fe4
[2025-09-24 11:39:04][INFO] Saved: https://apnews.com/article/ice-facility-shooting-dallas-immigration-d49f76ffc95572970ede58ef15769fe4
[2025-09-24 11:39:04][INFO] Saved: https://apnews.com/article/ice-facility-shooting-dallas-immigration-d49f76ffc95572970ede58ef15769fe4
[2025-09-24 11:39:04][INFO] Saved: https://apnews.com/article/china-taiwan-filipinas-tifon-ragasa-cd8052b9817b55b7fd8c12b4eca21f82
[2025-09-24 11:39:04][INFO] Saved: https://apnews.com/article/china-taiwan-filipinas-tifon-ragasa-cd8052b9817b55b7fd8c12b4eca21f82
[2025-09-24 11:39:04][INFO] Saved: https://apnews.com/article/chicago-agente-ice-inmigrante-tiroteo-silverio-villegas-redadas-6ffea1ce94503bad69fb4913b30aa2fd
[2025-09-24 11:39:04][INFO] Saved: https://apnews.com/article/chicago-agente-ice-inmigrante-tiroteo-silverio-villegas-redadas-6ffea1ce94503bad69fb4913b30aa2fd
[2025-09-24 11:39:04][INFO] Saved: https://apnews.com/article/tylenol-trump-salud-autismo-7d0f8972d972a3f985244b1e6828a7ad
[2025-09-24 11:39:04][INFO] Saved: https://apnews.com/article/tylenol-trump-salud-autismo-7d0f8972d972a3f985244b1e6828a7ad
[2025-09-24 11:39:04][INFO] Saved: https://apnews.com/article/charlie-kirk-religious-revival-martyr-evangelical-churches-0e4649d798d22e0d43d93ef020716547
[2025-09-24 11:39:04][INFO] Saved: https://apnews.com/article/charlie-kirk-religious-revival-martyr-evangelical-churches-0e4649d798d22e0d43d93ef020716547
[2025-09-24 11:39:05][INFO] Saved: https://apnews.com/article/rapture-end-times-evangelical-christians-tiktok-e7d065520186503a6223ee12df1f02dd
[2025-09-24 11:39:05][INFO] Saved: https://apnews.com/article/rapture-end-times-evangelical-christians-tiktok-e7d065520186503a6223ee12df1f02dd
[2025-09-24 11:39:05][INFO] Saved: https://apnews.com/article/rembrandt-venne-amsterdam-dog-night-watch-rijksmuseum-c6e2ef6e79c3983412685f64822b41c1
[2025-09-24 11:39:05][INFO] Saved: https://apnews.com/article/rembrandt-venne-amsterdam-dog-night-watch-rijksmuseum-c6e2ef6e79c3983412685f64822b41c1
[2025-09-24 11:39:05][INFO] Saved: https://apnews.com/article/fat-bear-week-alaska-brown-bears-bffe1fab90e38753aba9811265e9ead2
[2025-09-24 11:39:05][INFO] Saved: https://apnews.com/article/fat-bear-week-alaska-brown-bears-bffe1fab90e38753aba9811265e9ead2
[2025-09-24 11:39:05][INFO] Saved: https://apnews.com/article/argentina-eeuu-milei-dolar-16b7363340adc205f360faa8968d2485
[2025-09-24 11:39:05][INFO] Saved: https://apnews.com/article/argentina-eeuu-milei-dolar-16b7363340adc205f360faa8968d2485
[2025-09-24 11:39:05][INFO] Saved: https://apnews.com/article/eeuu-dallas-inmigracion-tiroteo-ice-3dd1c36108ae36091510adffd9ae8584
[2025-09-24 11:39:05][INFO] Saved: https://apnews.com/article/eeuu-dallas-inmigracion-tiroteo-ice-3dd1c36108ae36091510adffd9ae8584
[2025-09-24 11:39:05][INFO] Saved: https://apnews.com/article/trump-tough-it-out-pregnancy-women-pain-acetaminophen-dc48caddabef2f086a50b48c5b86a3ca
[2025-09-24 11:39:05][INFO] Saved: https://apnews.com/article/trump-tough-it-out-pregnancy-women-pain-acetaminophen-dc48caddabef2f086a50b48c5b86a3ca
[2025-09-24 11:39:05][INFO] Saved: https://apnews.com/article/unga-sim-farm-threat-explainer-5274ccc927ab180a1d5e0ffd475ed7c9
[2025-09-24 11:39:05][INFO] Saved: https://apnews.com/article/unga-sim-farm-threat-explainer-5274ccc927ab180a1d5e0ffd475ed7c9
[2025-09-24 11:39:05][INFO] Saved: https://apnews.com/article/autism-drug-leucovorin-trump-kennedy-d2b36faef3c4fc1f85e9fa9f958ad6c6
[2025-09-24 11:39:05][INFO] Saved: https://apnews.com/article/autism-drug-leucovorin-trump-kennedy-d2b36faef3c4fc1f85e9fa9f958ad6c6
[2025-09-24 11:39:05][INFO] Saved: https://apnews.com/article/youtube-reinstatement-covid-election-misinformation-5809a1da0afece53d6e2088e4ac5e462
[2025-09-24 11:39:05][INFO] Saved: https://apnews.com/article/youtube-reinstatement-covid-election-misinformation-5809a1da0afece53d6e2088e4ac5e462
[2025-09-24 11:39:05][INFO] Saved: https://apnews.com/article/covid19-stratus-nimbus-razor-blade-flu-summer-9c9522e398956c528a89e04a24244cf1
[2025-09-24 11:39:05][INFO] Saved: https://apnews.com/article/covid19-stratus-nimbus-razor-blade-flu-summer-9c9522e398956c528a89e04a24244cf1
[2025-09-24 11:39:05][INFO] Saved: https://apnews.com/article/eating-fast-tips-to-slow-down-4ba7e9760ac5903fe29dc38a4205d701
[2025-09-24 11:39:05][INFO] Saved: https://apnews.com/article/eating-fast-tips-to-slow-down-4ba7e9760ac5903fe29dc38a4205d701
[2025-09-24 11:39:05][INFO] Saved: https://apnews.com/article/social-media-charlie-kirk-nepal-algorithm-d0a8baf12a16b2ed870283e64ee24a19
[2025-09-24 11:39:05][INFO] Saved: https://apnews.com/article/social-media-charlie-kirk-nepal-algorithm-d0a8baf12a16b2ed870283e64ee24a19
[2025-09-24 11:39:05][INFO] Saved: https://apnews.com/article/hurricane-gabrielle-tropical-weather-atlantic-bermuda-ba4f3724d48657ba40160aae454028a2
[2025-09-24 11:39:05][INFO] Saved: https://apnews.com/article/hurricane-gabrielle-tropical-weather-atlantic-bermuda-ba4f3724d48657ba40160aae454028a2
[2025-09-24 11:39:05][INFO] Saved: https://apnews.com/article/autism-trump-kennedy-tylenol-acetaminophen-7ebaf91e80b93f605899cefd66ac0eb2
[2025-09-24 11:39:05][INFO] Saved: https://apnews.com/article/autism-trump-kennedy-tylenol-acetaminophen-7ebaf91e80b93f605899cefd66ac0eb2
[2025-09-24 11:39:05][INFO] Saved: https://apnews.com/article/trump-un-climate-change-renewable-energy-5c033a24ec523a56f8244d85f3672eda
[2025-09-24 11:39:05][INFO] Saved: https://apnews.com/article/trump-un-climate-change-renewable-energy-5c033a24ec523a56f8244d85f3672eda
[2025-09-24 11:39:05][INFO] Saved: https://apnews.com/article/fear-of-flying-8e348402efc654a7248fb9fe4e5df852
[2025-09-24 11:39:05][INFO] Saved: https://apnews.com/article/fear-of-flying-8e348402efc654a7248fb9fe4e5df852
[2025-09-24 11:39:05][INFO] Saved: https://apnews.com/article/trump-tylenol-vaccines-pregnancy-8c8c44e40657a2338533c59ebefaa83a
[2025-09-24 11:39:05][INFO] Saved: https://apnews.com/article/trump-tylenol-vaccines-pregnancy-8c8c44e40657a2338533c59ebefaa83a
[2025-09-24 11:39:05][INFO] Saved: https://apnews.com/article/trump-renewable-energy-offshore-wind-revolution-wind-f1cbe85a829e3d5e5496f834bcb617d1
[2025-09-24 11:39:05][INFO] Saved: https://apnews.com/article/trump-renewable-energy-offshore-wind-revolution-wind-f1cbe85a829e3d5e5496f834bcb617d1
[2025-09-24 11:39:05][INFO] Saved: https://apnews.com/article/foods-that-help-you-sleep-cookbook-95e0061b85936b8a72eb10377ec9c2c0
[2025-09-24 11:39:05][INFO] Saved: https://apnews.com/article/foods-that-help-you-sleep-cookbook-95e0061b85936b8a72eb10377ec9c2c0
[2025-09-24 11:39:06][INFO] Saved: https://apnews.com/article/cdc-nightmare-bacteria-ndm-gene-95c40aae486e82a54efb16b965ee88b3
[2025-09-24 11:39:06][INFO] Saved: https://apnews.com/article/cdc-nightmare-bacteria-ndm-gene-95c40aae486e82a54efb16b965ee88b3
[2025-09-24 11:39:06][INFO] Saved: https://apnews.com/article/workplace-anxiety-impostor-syndrome-cognitive-behavioral-therapy-d8f0d6bae16ab781cff369519539eaed
[2025-09-24 11:39:06][INFO] Saved: https://apnews.com/article/workplace-anxiety-impostor-syndrome-cognitive-behavioral-therapy-d8f0d6bae16ab781cff369519539eaed
[2025-09-24 11:39:06][INFO] Saved: https://apnews.com/article/minot-city-north-dakota-ground-squirrels-dde22d2fa10140191a168687a5aa4daa
[2025-09-24 11:39:06][INFO] Saved: https://apnews.com/article/minot-city-north-dakota-ground-squirrels-dde22d2fa10140191a168687a5aa4daa
[2025-09-24 11:39:06][INFO] Saved: https://apnews.com/article/whale-breach-boat-capsize-new-hampshire-efe8cbfae49b93f6325c4331db8999ae
[2025-09-24 11:39:06][INFO] Saved: https://apnews.com/article/whale-breach-boat-capsize-new-hampshire-efe8cbfae49b93f6325c4331db8999ae
[2025-09-24 11:39:06][INFO] Saved: https://apnews.com/article/wellness-journey-health-fitness-sleep-nutrition-overweight-926fca594538cd13d17abdf4b203fc64
[2025-09-24 11:39:06][INFO] Saved: https://apnews.com/article/wellness-journey-health-fitness-sleep-nutrition-overweight-926fca594538cd13d17abdf4b203fc64
[2025-09-24 11:39:06][INFO] Saved: https://apnews.com/article/finland-swastika-air-force-nato-423a764e6e72abde083f6136e06461c0
[2025-09-24 11:39:06][INFO] Saved: https://apnews.com/article/finland-swastika-air-force-nato-423a764e6e72abde083f6136e06461c0
[2025-09-24 11:39:06][INFO] Saved: https://apnews.com/article/giant-troll-sculptures-filoli-thomas-dambo-15a070f5eba15e3a74721a7c2d23eb6e
[2025-09-24 11:39:06][INFO] Saved: https://apnews.com/article/giant-troll-sculptures-filoli-thomas-dambo-15a070f5eba15e3a74721a7c2d23eb6e
[2025-09-24 11:39:06][INFO] Saved: https://apnews.com/article/russia-ukraine-war-mariupol-descends-into-despair-708cb8f4a171ce3f1c1b0b8d090e38e3
[2025-09-24 11:39:06][INFO] Saved: https://apnews.com/article/russia-ukraine-war-mariupol-descends-into-despair-708cb8f4a171ce3f1c1b0b8d090e38e3
[2025-09-24 11:39:06][INFO] Saved: https://apnews.com/article/covid19-stratus-nimbus-razor-blade-flu-summer-9c9522e398956c528a89e04a24244cf1
[2025-09-24 11:39:06][INFO] Saved: https://apnews.com/article/covid19-stratus-nimbus-razor-blade-flu-summer-9c9522e398956c528a89e04a24244cf1
[2025-09-24 11:39:06][INFO] Saved: https://apnews.com/article/dinosaurio-argentina-joaquinraptor-casali-e6b7ec42ca073d2fa8e002872040b784
[2025-09-24 11:39:06][INFO] Saved: https://apnews.com/article/dinosaurio-argentina-joaquinraptor-casali-e6b7ec42ca073d2fa8e002872040b784
[2025-09-24 11:39:06][INFO] Saved: https://apnews.com/article/ghana-fantasy-coffins-funerals-accra-tradition-01220db5b2e240a12ae8e4ba8820f993
[2025-09-24 11:39:06][INFO] Saved: https://apnews.com/article/ghana-fantasy-coffins-funerals-accra-tradition-01220db5b2e240a12ae8e4ba8820f993
[2025-09-24 11:39:06][INFO] Saved: https://apnews.com/article/china-wto-reform-developing-country-special-treatment-20c70ec00d9502189bba87f93521b09f
[2025-09-24 11:39:06][INFO] Saved: https://apnews.com/article/china-wto-reform-developing-country-special-treatment-20c70ec00d9502189bba87f93521b09f
[2025-09-24 11:39:06][INFO] Saved: https://apnews.com/article/federal-reserve-jobs-inflation-powell-bccc5ad2114d0f9a19e0f6db4aeadf82
[2025-09-24 11:39:06][INFO] Saved: https://apnews.com/article/federal-reserve-jobs-inflation-powell-bccc5ad2114d0f9a19e0f6db4aeadf82
[2025-09-24 11:39:06][INFO] Saved: https://apnews.com/article/new-dinosaur-megaraptoran-argentina-patagonia-4246f7559e4d7ee2dcde23dc2afcf0ad
[2025-09-24 11:39:06][INFO] Saved: https://apnews.com/article/new-dinosaur-megaraptoran-argentina-patagonia-4246f7559e4d7ee2dcde23dc2afcf0ad
[2025-09-24 11:39:06][INFO] Saved: https://apnews.com/article/omnicare-cvs-bankruptcy-medicaid-medicare-2b64f3bcc607ed85b09592515479a9a7
[2025-09-24 11:39:06][INFO] Saved: https://apnews.com/article/omnicare-cvs-bankruptcy-medicaid-medicare-2b64f3bcc607ed85b09592515479a9a7
[2025-09-24 11:39:06][INFO] Saved: https://apnews.com/article/eating-fast-tips-to-slow-down-4ba7e9760ac5903fe29dc38a4205d701
[2025-09-24 11:39:06][INFO] Saved: https://apnews.com/article/eating-fast-tips-to-slow-down-4ba7e9760ac5903fe29dc38a4205d701
[2025-09-24 11:39:06][INFO] Saved: https://apnews.com/article/solar-storms-launch-nasa-noaa-e1e76b973123262c15e717bc515ae6f0
[2025-09-24 11:39:06][INFO] Saved: https://apnews.com/article/solar-storms-launch-nasa-noaa-e1e76b973123262c15e717bc515ae6f0
[2025-09-24 11:39:06][INFO] Saved: https://apnews.com/article/buccaneers-desmond-watson-15274258cd685a1487ad2cef9a50784e
[2025-09-24 11:39:06][INFO] Saved: https://apnews.com/article/buccaneers-desmond-watson-15274258cd685a1487ad2cef9a50784e
[2025-09-24 11:39:07][INFO] Saved: https://apnews.com/article/robot-umpires-mlb-2026-d70c6431d1cccfcf7a6e69e3ce47b417
[2025-09-24 11:39:07][INFO] Saved: https://apnews.com/article/robot-umpires-mlb-2026-d70c6431d1cccfcf7a6e69e3ce47b417
[2025-09-24 11:39:07][INFO] Saved: https://apnews.com/article/jimmy-kimmel-returns-suspension-charlie-kirk-a29db3adb762b9b148d56ce88c24485c
[2025-09-24 11:39:07][INFO] Saved: https://apnews.com/article/jimmy-kimmel-returns-suspension-charlie-kirk-a29db3adb762b9b148d56ce88c24485c
[2025-09-24 11:39:07][INFO] Saved: https://apnews.com/article/guardians-david-fry-hit-face-skubal-373c7eaf4bf4260a449d56e8875dbada
[2025-09-24 11:39:07][INFO] Saved: https://apnews.com/article/guardians-david-fry-hit-face-skubal-373c7eaf4bf4260a449d56e8875dbada
[2025-09-24 11:39:07][INFO] Saved: https://apnews.com/article/poll-trump-economy-approval-immigration-border-crime-373766302cde6d45624d6bb738b16231
[2025-09-24 11:39:07][INFO] Saved: https://apnews.com/article/poll-trump-economy-approval-immigration-border-crime-373766302cde6d45624d6bb738b16231
[2025-09-24 11:39:07][INFO] Saved: https://apnews.com/article/jimmy-kimmel-monologue-key-moments-2ad8513693aef095dd4cc998afc0cfaa
[2025-09-24 11:39:07][INFO] Saved: https://apnews.com/article/jimmy-kimmel-monologue-key-moments-2ad8513693aef095dd4cc998afc0cfaa
[2025-09-24 11:39:07][INFO] Saved: https://apnews.com/article/obit-claudia-cardinale-film-9b16f5768b580999da557e08cf4d4d92
[2025-09-24 11:39:07][INFO] Saved: https://apnews.com/article/obit-claudia-cardinale-film-9b16f5768b580999da557e08cf4d4d92
[2025-09-24 11:39:07][INFO] Saved: https://apnews.com/article/trump-un-escalator-teleprompter-ddfc0875301f29d71625b353f2c2f832
[2025-09-24 11:39:07][INFO] Saved: https://apnews.com/article/trump-un-escalator-teleprompter-ddfc0875301f29d71625b353f2c2f832
[2025-09-24 11:39:07][INFO] Saved: https://apnews.com/article/quotes-world-leaders-unga-united-nations-6442220bbed9559dfd902e1235a44a86
[2025-09-24 11:39:07][INFO] Saved: https://apnews.com/article/quotes-world-leaders-unga-united-nations-6442220bbed9559dfd902e1235a44a86
[2025-09-24 11:39:07][INFO] Saved: https://apnews.com/article/macron-trump-phone-call-new-york-street-7f90a938296d0411368ed007c7c79f14
[2025-09-24 11:39:07][INFO] Saved: https://apnews.com/article/macron-trump-phone-call-new-york-street-7f90a938296d0411368ed007c7c79f14
[2025-09-24 11:39:07][INFO] Saved: https://apnews.com/article/minnesota-state-senator-mitchell-sentenced-burglary-782d056653bb2a73b6e7883e97ea3a63
[2025-09-24 11:39:07][INFO] Saved: https://apnews.com/article/minnesota-state-senator-mitchell-sentenced-burglary-782d056653bb2a73b6e7883e97ea3a63
[2025-09-24 11:39:07][INFO] Saved: https://apnews.com/article/trump-shooting-attempt-d49985a690e678a9ccbf3610c102704d
[2025-09-24 11:39:07][INFO] Saved: https://apnews.com/article/trump-shooting-attempt-d49985a690e678a9ccbf3610c102704d
[2025-09-24 11:39:07][INFO] Saved: https://apnews.com/article/doge-musk-trump-gsa-fired-employees-ce18553b281fbf5816ec2fd491d79b78
[2025-09-24 11:39:07][INFO] Saved: https://apnews.com/article/doge-musk-trump-gsa-fired-employees-ce18553b281fbf5816ec2fd491d79b78
[2025-09-24 11:39:07][INFO] Saved: https://apnews.com/article/trump-government-shutdown-schumer-jeffries-meeting-8b1726435066403bf6b9fe4e4fffc029
[2025-09-24 11:39:07][INFO] Saved: https://apnews.com/article/trump-government-shutdown-schumer-jeffries-meeting-8b1726435066403bf6b9fe4e4fffc029
[2025-09-24 11:39:07][INFO] Saved: https://apnews.com/article/eeuu-dallas-inmigracion-tiroteo-ice-3dd1c36108ae36091510adffd9ae8584
[2025-09-24 11:39:07][INFO] Saved: https://apnews.com/article/eeuu-dallas-inmigracion-tiroteo-ice-3dd1c36108ae36091510adffd9ae8584
[2025-09-24 11:39:08][INFO] Saved: https://apnews.com/article/chicago-agente-ice-inmigrante-tiroteo-silverio-villegas-redadas-6ffea1ce94503bad69fb4913b30aa2fd
[2025-09-24 11:39:08][INFO] Saved: https://apnews.com/article/chicago-agente-ice-inmigrante-tiroteo-silverio-villegas-redadas-6ffea1ce94503bad69fb4913b30aa2fd
[2025-09-24 11:39:08][INFO] Saved: https://apnews.com/article/ice-facility-shooting-dallas-immigration-d49f76ffc95572970ede58ef15769fe4
[2025-09-24 11:39:08][INFO] Saved: https://apnews.com/article/ice-facility-shooting-dallas-immigration-d49f76ffc95572970ede58ef15769fe4
[2025-09-24 11:39:08][INFO] Saved: https://apnews.com/article/charlie-kirk-religious-revival-martyr-evangelical-churches-0e4649d798d22e0d43d93ef020716547
[2025-09-24 11:39:08][INFO] Saved: https://apnews.com/article/charlie-kirk-religious-revival-martyr-evangelical-churches-0e4649d798d22e0d43d93ef020716547
[2025-09-24 11:39:08][INFO] Saved: https://apnews.com/article/rapture-end-times-evangelical-christians-tiktok-e7d065520186503a6223ee12df1f02dd
[2025-09-24 11:39:08][INFO] Saved: https://apnews.com/article/rapture-end-times-evangelical-christians-tiktok-e7d065520186503a6223ee12df1f02dd
[2025-09-24 11:39:08][INFO] Saved: https://apnews.com/article/china-taiwan-filipinas-tifon-ragasa-cd8052b9817b55b7fd8c12b4eca21f82
[2025-09-24 11:39:08][INFO] Saved: https://apnews.com/article/china-taiwan-filipinas-tifon-ragasa-cd8052b9817b55b7fd8c12b4eca21f82
[2025-09-24 11:39:08][INFO] Saved: https://apnews.com/article/china-tifon-filipinas-hong-kong-macao-ragasa-e54012998e1756c9b4b774a6602c9cfc
[2025-09-24 11:39:08][INFO] Saved: https://apnews.com/article/china-tifon-filipinas-hong-kong-macao-ragasa-e54012998e1756c9b4b774a6602c9cfc
[2025-09-24 11:39:08][INFO] Saved: https://apnews.com/article/argentina-eeuu-milei-dolar-16b7363340adc205f360faa8968d2485
[2025-09-24 11:39:08][INFO] Saved: https://apnews.com/article/argentina-eeuu-milei-dolar-16b7363340adc205f360faa8968d2485
[2025-09-24 11:39:08][INFO] Saved: https://apnews.com/article/tylenol-trump-salud-autismo-7d0f8972d972a3f985244b1e6828a7ad
[2025-09-24 11:39:08][INFO] Saved: https://apnews.com/article/tylenol-trump-salud-autismo-7d0f8972d972a3f985244b1e6828a7ad
[2025-09-24 11:39:08][INFO] Saved: https://apnews.com/article/trump-tough-it-out-pregnancy-women-pain-acetaminophen-dc48caddabef2f086a50b48c5b86a3ca
[2025-09-24 11:39:08][INFO] Saved: https://apnews.com/article/trump-tough-it-out-pregnancy-women-pain-acetaminophen-dc48caddabef2f086a50b48c5b86a3ca
[2025-09-24 11:39:08][INFO] Saved: https://apnews.com/article/youtube-reinstatement-covid-election-misinformation-5809a1da0afece53d6e2088e4ac5e462
[2025-09-24 11:39:08][INFO] Saved: https://apnews.com/article/youtube-reinstatement-covid-election-misinformation-5809a1da0afece53d6e2088e4ac5e462
[2025-09-24 11:39:08][INFO] Saved: https://apnews.com/article/fat-bear-week-alaska-brown-bears-bffe1fab90e38753aba9811265e9ead2
[2025-09-24 11:39:08][INFO] Saved: https://apnews.com/article/fat-bear-week-alaska-brown-bears-bffe1fab90e38753aba9811265e9ead2
[2025-09-24 11:39:08][INFO] Saved: https://apnews.com/article/social-media-charlie-kirk-nepal-algorithm-d0a8baf12a16b2ed870283e64ee24a19
[2025-09-24 11:39:08][INFO] Saved: https://apnews.com/article/social-media-charlie-kirk-nepal-algorithm-d0a8baf12a16b2ed870283e64ee24a19
[2025-09-24 11:39:08][INFO] Saved: https://apnews.com/article/rembrandt-venne-amsterdam-dog-night-watch-rijksmuseum-c6e2ef6e79c3983412685f64822b41c1
[2025-09-24 11:39:08][INFO] Saved: https://apnews.com/article/rembrandt-venne-amsterdam-dog-night-watch-rijksmuseum-c6e2ef6e79c3983412685f64822b41c1
[2025-09-24 11:39:08][INFO] Saved: https://apnews.com/article/eating-fast-tips-to-slow-down-4ba7e9760ac5903fe29dc38a4205d701
[2025-09-24 11:39:08][INFO] Saved: https://apnews.com/article/eating-fast-tips-to-slow-down-4ba7e9760ac5903fe29dc38a4205d701
[2025-09-24 11:39:08][INFO] Saved: https://apnews.com/article/covid19-stratus-nimbus-razor-blade-flu-summer-9c9522e398956c528a89e04a24244cf1
[2025-09-24 11:39:08][INFO] Saved: https://apnews.com/article/covid19-stratus-nimbus-razor-blade-flu-summer-9c9522e398956c528a89e04a24244cf1
[2025-09-24 11:39:08][INFO] Saved: https://apnews.com/article/unga-sim-farm-threat-explainer-5274ccc927ab180a1d5e0ffd475ed7c9
[2025-09-24 11:39:08][INFO] Saved: https://apnews.com/article/unga-sim-farm-threat-explainer-5274ccc927ab180a1d5e0ffd475ed7c9
[2025-09-24 11:39:08][INFO] Saved: https://apnews.com/article/hurricane-gabrielle-tropical-weather-atlantic-bermuda-ba4f3724d48657ba40160aae454028a2
[2025-09-24 11:39:08][INFO] Saved: https://apnews.com/article/hurricane-gabrielle-tropical-weather-atlantic-bermuda-ba4f3724d48657ba40160aae454028a2
[2025-09-24 11:39:08][INFO] Saved: https://apnews.com/article/autism-drug-leucovorin-trump-kennedy-d2b36faef3c4fc1f85e9fa9f958ad6c6
[2025-09-24 11:39:08][INFO] Saved: https://apnews.com/article/autism-drug-leucovorin-trump-kennedy-d2b36faef3c4fc1f85e9fa9f958ad6c6
[2025-09-24 11:39:08][INFO] Saved: https://apnews.com/article/cdc-nightmare-bacteria-ndm-gene-95c40aae486e82a54efb16b965ee88b3
[2025-09-24 11:39:08][INFO] Saved: https://apnews.com/article/cdc-nightmare-bacteria-ndm-gene-95c40aae486e82a54efb16b965ee88b3
[2025-09-24 11:39:08][INFO] Saved: https://apnews.com/article/trump-renewable-energy-offshore-wind-revolution-wind-f1cbe85a829e3d5e5496f834bcb617d1
[2025-09-24 11:39:08][INFO] Saved: https://apnews.com/article/trump-renewable-energy-offshore-wind-revolution-wind-f1cbe85a829e3d5e5496f834bcb617d1
[2025-09-24 11:39:09][INFO] Saved: https://apnews.com/article/trump-tylenol-vaccines-pregnancy-8c8c44e40657a2338533c59ebefaa83a
[2025-09-24 11:39:09][INFO] Saved: https://apnews.com/article/trump-tylenol-vaccines-pregnancy-8c8c44e40657a2338533c59ebefaa83a
[2025-09-24 11:39:09][INFO] Saved: https://apnews.com/article/autism-trump-kennedy-tylenol-acetaminophen-7ebaf91e80b93f605899cefd66ac0eb2
[2025-09-24 11:39:09][INFO] Saved: https://apnews.com/article/autism-trump-kennedy-tylenol-acetaminophen-7ebaf91e80b93f605899cefd66ac0eb2
[2025-09-24 11:39:09][INFO] Saved: https://apnews.com/article/trump-un-climate-change-renewable-energy-5c033a24ec523a56f8244d85f3672eda
[2025-09-24 11:39:09][INFO] Saved: https://apnews.com/article/trump-un-climate-change-renewable-energy-5c033a24ec523a56f8244d85f3672eda
[2025-09-24 11:39:09][INFO] Saved: https://apnews.com/article/covid19-stratus-nimbus-razor-blade-flu-summer-9c9522e398956c528a89e04a24244cf1
[2025-09-24 11:39:09][INFO] Saved: https://apnews.com/article/covid19-stratus-nimbus-razor-blade-flu-summer-9c9522e398956c528a89e04a24244cf1
[2025-09-24 11:39:09][INFO] Saved: https://apnews.com/article/workplace-anxiety-impostor-syndrome-cognitive-behavioral-therapy-d8f0d6bae16ab781cff369519539eaed
[2025-09-24 11:39:09][INFO] Saved: https://apnews.com/article/workplace-anxiety-impostor-syndrome-cognitive-behavioral-therapy-d8f0d6bae16ab781cff369519539eaed
[2025-09-24 11:39:09][INFO] Saved: https://apnews.com/article/whale-breach-boat-capsize-new-hampshire-efe8cbfae49b93f6325c4331db8999ae
[2025-09-24 11:39:09][INFO] Saved: https://apnews.com/article/whale-breach-boat-capsize-new-hampshire-efe8cbfae49b93f6325c4331db8999ae
[2025-09-24 11:39:09][INFO] Saved: https://apnews.com/article/eating-fast-tips-to-slow-down-4ba7e9760ac5903fe29dc38a4205d701
[2025-09-24 11:39:09][INFO] Saved: https://apnews.com/article/eating-fast-tips-to-slow-down-4ba7e9760ac5903fe29dc38a4205d701
[2025-09-24 11:39:09][INFO] Saved: https://apnews.com/article/fear-of-flying-8e348402efc654a7248fb9fe4e5df852
[2025-09-24 11:39:09][INFO] Saved: https://apnews.com/article/fear-of-flying-8e348402efc654a7248fb9fe4e5df852
[2025-09-24 11:39:09][INFO] Saved: https://apnews.com/article/foods-that-help-you-sleep-cookbook-95e0061b85936b8a72eb10377ec9c2c0
[2025-09-24 11:39:09][INFO] Saved: https://apnews.com/article/foods-that-help-you-sleep-cookbook-95e0061b85936b8a72eb10377ec9c2c0
[2025-09-24 11:39:09][INFO] Saved: https://apnews.com/article/wellness-journey-health-fitness-sleep-nutrition-overweight-926fca594538cd13d17abdf4b203fc64
[2025-09-24 11:39:09][INFO] Saved: https://apnews.com/article/wellness-journey-health-fitness-sleep-nutrition-overweight-926fca594538cd13d17abdf4b203fc64
[2025-09-24 11:39:09][INFO] Saved: https://apnews.com/article/dinosaurio-argentina-joaquinraptor-casali-e6b7ec42ca073d2fa8e002872040b784
[2025-09-24 11:39:09][INFO] Saved: https://apnews.com/article/dinosaurio-argentina-joaquinraptor-casali-e6b7ec42ca073d2fa8e002872040b784
[2025-09-24 11:39:09][INFO] Saved: https://apnews.com/article/solar-storms-launch-nasa-noaa-e1e76b973123262c15e717bc515ae6f0
[2025-09-24 11:39:09][INFO] Saved: https://apnews.com/article/solar-storms-launch-nasa-noaa-e1e76b973123262c15e717bc515ae6f0
[2025-09-24 11:39:09][INFO] Saved: https://apnews.com/article/russia-ukraine-war-mariupol-descends-into-despair-708cb8f4a171ce3f1c1b0b8d090e38e3
[2025-09-24 11:39:09][INFO] Saved: https://apnews.com/article/russia-ukraine-war-mariupol-descends-into-despair-708cb8f4a171ce3f1c1b0b8d090e38e3
[2025-09-24 11:39:09][INFO] Saved: https://apnews.com/article/new-dinosaur-megaraptoran-argentina-patagonia-4246f7559e4d7ee2dcde23dc2afcf0ad
[2025-09-24 11:39:09][INFO] Saved: https://apnews.com/article/new-dinosaur-megaraptoran-argentina-patagonia-4246f7559e4d7ee2dcde23dc2afcf0ad
[2025-09-24 11:39:09][INFO] Saved: https://apnews.com/article/ghana-fantasy-coffins-funerals-accra-tradition-01220db5b2e240a12ae8e4ba8820f993
[2025-09-24 11:39:09][INFO] Saved: https://apnews.com/article/ghana-fantasy-coffins-funerals-accra-tradition-01220db5b2e240a12ae8e4ba8820f993
[2025-09-24 11:39:09][INFO] Saved: https://apnews.com/article/china-wto-reform-developing-country-special-treatment-20c70ec00d9502189bba87f93521b09f
[2025-09-24 11:39:09][INFO] Saved: https://apnews.com/article/china-wto-reform-developing-country-special-treatment-20c70ec00d9502189bba87f93521b09f
[2025-09-24 11:39:09][INFO] Saved: https://apnews.com/article/giant-troll-sculptures-filoli-thomas-dambo-15a070f5eba15e3a74721a7c2d23eb6e
[2025-09-24 11:39:09][INFO] Saved: https://apnews.com/article/giant-troll-sculptures-filoli-thomas-dambo-15a070f5eba15e3a74721a7c2d23eb6e
[2025-09-24 11:39:10][INFO] Saved: https://apnews.com/article/minot-city-north-dakota-ground-squirrels-dde22d2fa10140191a168687a5aa4daa
[2025-09-24 11:39:10][INFO] Saved: https://apnews.com/article/minot-city-north-dakota-ground-squirrels-dde22d2fa10140191a168687a5aa4daa
[2025-09-24 11:39:10][INFO] Saved: https://apnews.com/article/buccaneers-desmond-watson-15274258cd685a1487ad2cef9a50784e
[2025-09-24 11:39:10][INFO] Saved: https://apnews.com/article/buccaneers-desmond-watson-15274258cd685a1487ad2cef9a50784e
[2025-09-24 11:39:10][INFO] Saved: https://apnews.com/article/jimmy-kimmel-monologue-key-moments-2ad8513693aef095dd4cc998afc0cfaa
[2025-09-24 11:39:10][INFO] Saved: https://apnews.com/article/jimmy-kimmel-monologue-key-moments-2ad8513693aef095dd4cc998afc0cfaa
[2025-09-24 11:39:10][INFO] Saved: https://apnews.com/article/obit-claudia-cardinale-film-9b16f5768b580999da557e08cf4d4d92
[2025-09-24 11:39:10][INFO] Saved: https://apnews.com/article/obit-claudia-cardinale-film-9b16f5768b580999da557e08cf4d4d92
[2025-09-24 11:39:10][INFO] Saved: https://apnews.com/article/finland-swastika-air-force-nato-423a764e6e72abde083f6136e06461c0
[2025-09-24 11:39:10][INFO] Saved: https://apnews.com/article/finland-swastika-air-force-nato-423a764e6e72abde083f6136e06461c0
[2025-09-24 11:39:10][INFO] Saved: https://apnews.com/article/jimmy-kimmel-returns-suspension-charlie-kirk-a29db3adb762b9b148d56ce88c24485c
[2025-09-24 11:39:10][INFO] Saved: https://apnews.com/article/jimmy-kimmel-returns-suspension-charlie-kirk-a29db3adb762b9b148d56ce88c24485c
[2025-09-24 11:39:10][INFO] Saved: https://apnews.com/article/robot-umpires-mlb-2026-d70c6431d1cccfcf7a6e69e3ce47b417
[2025-09-24 11:39:10][INFO] Saved: https://apnews.com/article/robot-umpires-mlb-2026-d70c6431d1cccfcf7a6e69e3ce47b417
[2025-09-24 11:39:10][INFO] Saved: https://apnews.com/article/federal-reserve-jobs-inflation-powell-bccc5ad2114d0f9a19e0f6db4aeadf82
[2025-09-24 11:39:10][INFO] Saved: https://apnews.com/article/federal-reserve-jobs-inflation-powell-bccc5ad2114d0f9a19e0f6db4aeadf82
[2025-09-24 11:39:10][INFO] Saved: https://apnews.com/article/guardians-david-fry-hit-face-skubal-373c7eaf4bf4260a449d56e8875dbada
[2025-09-24 11:39:10][INFO] Saved: https://apnews.com/article/guardians-david-fry-hit-face-skubal-373c7eaf4bf4260a449d56e8875dbada
[2025-09-24 11:39:10][INFO] Saved: https://apnews.com/article/omnicare-cvs-bankruptcy-medicaid-medicare-2b64f3bcc607ed85b09592515479a9a7
[2025-09-24 11:39:10][INFO] Saved: https://apnews.com/article/omnicare-cvs-bankruptcy-medicaid-medicare-2b64f3bcc607ed85b09592515479a9a7
[2025-09-24 11:39:10][INFO] Saved: https://apnews.com/article/minnesota-state-senator-mitchell-sentenced-burglary-782d056653bb2a73b6e7883e97ea3a63
[2025-09-24 11:39:10][INFO] Saved: https://apnews.com/article/minnesota-state-senator-mitchell-sentenced-burglary-782d056653bb2a73b6e7883e97ea3a63
[2025-09-24 11:39:10][INFO] Saved: https://apnews.com/article/quotes-world-leaders-unga-united-nations-6442220bbed9559dfd902e1235a44a86
[2025-09-24 11:39:10][INFO] Saved: https://apnews.com/article/quotes-world-leaders-unga-united-nations-6442220bbed9559dfd902e1235a44a86
[2025-09-24 11:39:10][INFO] Saved: https://apnews.com/article/trump-un-escalator-teleprompter-ddfc0875301f29d71625b353f2c2f832
[2025-09-24 11:39:10][INFO] Saved: https://apnews.com/article/trump-un-escalator-teleprompter-ddfc0875301f29d71625b353f2c2f832
[2025-09-24 11:39:10][INFO] Saved: https://apnews.com/article/poll-trump-economy-approval-immigration-border-crime-373766302cde6d45624d6bb738b16231
[2025-09-24 11:39:10][INFO] Saved: https://apnews.com/article/poll-trump-economy-approval-immigration-border-crime-373766302cde6d45624d6bb738b16231
[2025-09-24 11:39:10][INFO] Saved: https://apnews.com/article/trump-shooting-attempt-d49985a690e678a9ccbf3610c102704d
[2025-09-24 11:39:10][INFO] Saved: https://apnews.com/article/trump-shooting-attempt-d49985a690e678a9ccbf3610c102704d
[2025-09-24 11:39:10][INFO] Saved: https://apnews.com/article/ice-facility-shooting-dallas-immigration-d49f76ffc95572970ede58ef15769fe4
[2025-09-24 11:39:10][INFO] Saved: https://apnews.com/article/ice-facility-shooting-dallas-immigration-d49f76ffc95572970ede58ef15769fe4
[2025-09-24 11:39:10][INFO] Saved: https://apnews.com/article/doge-musk-trump-gsa-fired-employees-ce18553b281fbf5816ec2fd491d79b78
[2025-09-24 11:39:10][INFO] Saved: https://apnews.com/article/doge-musk-trump-gsa-fired-employees-ce18553b281fbf5816ec2fd491d79b78
[2025-09-24 11:39:10][INFO] Saved: https://apnews.com/article/trump-government-shutdown-schumer-jeffries-meeting-8b1726435066403bf6b9fe4e4fffc029
[2025-09-24 11:39:10][INFO] Saved: https://apnews.com/article/trump-government-shutdown-schumer-jeffries-meeting-8b1726435066403bf6b9fe4e4fffc029
[2025-09-24 11:39:11][INFO] Saved: https://apnews.com/article/tylenol-trump-salud-autismo-7d0f8972d972a3f985244b1e6828a7ad
[2025-09-24 11:39:11][INFO] Saved: https://apnews.com/article/tylenol-trump-salud-autismo-7d0f8972d972a3f985244b1e6828a7ad
[2025-09-24 11:39:11][INFO] Saved: https://apnews.com/article/chicago-agente-ice-inmigrante-tiroteo-silverio-villegas-redadas-6ffea1ce94503bad69fb4913b30aa2fd
[2025-09-24 11:39:11][INFO] Saved: https://apnews.com/article/chicago-agente-ice-inmigrante-tiroteo-silverio-villegas-redadas-6ffea1ce94503bad69fb4913b30aa2fd
[2025-09-24 11:39:11][INFO] Saved: https://apnews.com/article/china-taiwan-filipinas-tifon-ragasa-cd8052b9817b55b7fd8c12b4eca21f82
[2025-09-24 11:39:11][INFO] Saved: https://apnews.com/article/china-taiwan-filipinas-tifon-ragasa-cd8052b9817b55b7fd8c12b4eca21f82
[2025-09-24 11:39:11][INFO] Saved: https://apnews.com/article/china-tifon-filipinas-hong-kong-macao-ragasa-e54012998e1756c9b4b774a6602c9cfc
[2025-09-24 11:39:11][INFO] Saved: https://apnews.com/article/china-tifon-filipinas-hong-kong-macao-ragasa-e54012998e1756c9b4b774a6602c9cfc
[2025-09-24 11:39:11][INFO] Saved: https://apnews.com/article/eeuu-dallas-inmigracion-tiroteo-ice-3dd1c36108ae36091510adffd9ae8584
[2025-09-24 11:39:11][INFO] Saved: https://apnews.com/article/eeuu-dallas-inmigracion-tiroteo-ice-3dd1c36108ae36091510adffd9ae8584
[2025-09-24 11:39:11][INFO] Saved: https://apnews.com/article/macron-trump-phone-call-new-york-street-7f90a938296d0411368ed007c7c79f14
[2025-09-24 11:39:11][INFO] Saved: https://apnews.com/article/macron-trump-phone-call-new-york-street-7f90a938296d0411368ed007c7c79f14
[2025-09-24 11:39:11][INFO] Saved: https://apnews.com/article/rapture-end-times-evangelical-christians-tiktok-e7d065520186503a6223ee12df1f02dd
[2025-09-24 11:39:11][INFO] Saved: https://apnews.com/article/rapture-end-times-evangelical-christians-tiktok-e7d065520186503a6223ee12df1f02dd
[2025-09-24 11:39:11][INFO] Saved: https://apnews.com/article/fat-bear-week-alaska-brown-bears-bffe1fab90e38753aba9811265e9ead2
[2025-09-24 11:39:11][INFO] Saved: https://apnews.com/article/fat-bear-week-alaska-brown-bears-bffe1fab90e38753aba9811265e9ead2
[2025-09-24 11:39:11][INFO] Saved: https://apnews.com/article/argentina-eeuu-milei-dolar-16b7363340adc205f360faa8968d2485
[2025-09-24 11:39:11][INFO] Saved: https://apnews.com/article/argentina-eeuu-milei-dolar-16b7363340adc205f360faa8968d2485
[2025-09-24 11:39:11][INFO] Saved: https://apnews.com/article/charlie-kirk-religious-revival-martyr-evangelical-churches-0e4649d798d22e0d43d93ef020716547
[2025-09-24 11:39:11][INFO] Saved: https://apnews.com/article/charlie-kirk-religious-revival-martyr-evangelical-churches-0e4649d798d22e0d43d93ef020716547
[2025-09-24 11:39:11][INFO] Saved: https://apnews.com/article/social-media-charlie-kirk-nepal-algorithm-d0a8baf12a16b2ed870283e64ee24a19
[2025-09-24 11:39:11][INFO] Saved: https://apnews.com/article/social-media-charlie-kirk-nepal-algorithm-d0a8baf12a16b2ed870283e64ee24a19
[2025-09-24 11:39:11][INFO] Saved: https://apnews.com/article/trump-tylenol-vaccines-pregnancy-8c8c44e40657a2338533c59ebefaa83a
[2025-09-24 11:39:11][INFO] Saved: https://apnews.com/article/trump-tylenol-vaccines-pregnancy-8c8c44e40657a2338533c59ebefaa83a
[2025-09-24 11:39:11][INFO] Saved: https://apnews.com/article/unga-sim-farm-threat-explainer-5274ccc927ab180a1d5e0ffd475ed7c9
[2025-09-24 11:39:11][INFO] Saved: https://apnews.com/article/unga-sim-farm-threat-explainer-5274ccc927ab180a1d5e0ffd475ed7c9
[2025-09-24 11:39:11][INFO] Saved: https://apnews.com/article/eating-fast-tips-to-slow-down-4ba7e9760ac5903fe29dc38a4205d701
[2025-09-24 11:39:11][INFO] Saved: https://apnews.com/article/eating-fast-tips-to-slow-down-4ba7e9760ac5903fe29dc38a4205d701
[2025-09-24 11:39:11][INFO] Saved: https://apnews.com/article/rembrandt-venne-amsterdam-dog-night-watch-rijksmuseum-c6e2ef6e79c3983412685f64822b41c1
[2025-09-24 11:39:11][INFO] Saved: https://apnews.com/article/rembrandt-venne-amsterdam-dog-night-watch-rijksmuseum-c6e2ef6e79c3983412685f64822b41c1
[2025-09-24 11:39:11][INFO] Saved: https://apnews.com/article/youtube-reinstatement-covid-election-misinformation-5809a1da0afece53d6e2088e4ac5e462
[2025-09-24 11:39:11][INFO] Saved: https://apnews.com/article/youtube-reinstatement-covid-election-misinformation-5809a1da0afece53d6e2088e4ac5e462
[2025-09-24 11:39:11][INFO] Saved: https://apnews.com/article/covid19-stratus-nimbus-razor-blade-flu-summer-9c9522e398956c528a89e04a24244cf1
[2025-09-24 11:39:11][INFO] Saved: https://apnews.com/article/covid19-stratus-nimbus-razor-blade-flu-summer-9c9522e398956c528a89e04a24244cf1
[2025-09-24 11:39:12][INFO] Saved: https://apnews.com/article/trump-tough-it-out-pregnancy-women-pain-acetaminophen-dc48caddabef2f086a50b48c5b86a3ca
[2025-09-24 11:39:12][INFO] Saved: https://apnews.com/article/trump-tough-it-out-pregnancy-women-pain-acetaminophen-dc48caddabef2f086a50b48c5b86a3ca
[2025-09-24 11:39:12][INFO] Saved: https://apnews.com/article/autism-drug-leucovorin-trump-kennedy-d2b36faef3c4fc1f85e9fa9f958ad6c6
[2025-09-24 11:39:12][INFO] Saved: https://apnews.com/article/autism-drug-leucovorin-trump-kennedy-d2b36faef3c4fc1f85e9fa9f958ad6c6
[2025-09-24 11:39:12][INFO] Saved: https://apnews.com/article/fear-of-flying-8e348402efc654a7248fb9fe4e5df852
[2025-09-24 11:39:12][INFO] Saved: https://apnews.com/article/fear-of-flying-8e348402efc654a7248fb9fe4e5df852
[2025-09-24 11:39:12][INFO] Saved: https://apnews.com/article/trump-un-climate-change-renewable-energy-5c033a24ec523a56f8244d85f3672eda
[2025-09-24 11:39:12][INFO] Saved: https://apnews.com/article/trump-un-climate-change-renewable-energy-5c033a24ec523a56f8244d85f3672eda
[2025-09-24 11:39:12][INFO] Saved: https://apnews.com/article/autism-trump-kennedy-tylenol-acetaminophen-7ebaf91e80b93f605899cefd66ac0eb2
[2025-09-24 11:39:12][INFO] Saved: https://apnews.com/article/autism-trump-kennedy-tylenol-acetaminophen-7ebaf91e80b93f605899cefd66ac0eb2
[2025-09-24 11:39:12][INFO] Saved: https://apnews.com/article/foods-that-help-you-sleep-cookbook-95e0061b85936b8a72eb10377ec9c2c0
[2025-09-24 11:39:12][INFO] Saved: https://apnews.com/article/foods-that-help-you-sleep-cookbook-95e0061b85936b8a72eb10377ec9c2c0
[2025-09-24 11:39:12][INFO] Saved: https://apnews.com/article/trump-renewable-energy-offshore-wind-revolution-wind-f1cbe85a829e3d5e5496f834bcb617d1
[2025-09-24 11:39:12][INFO] Saved: https://apnews.com/article/trump-renewable-energy-offshore-wind-revolution-wind-f1cbe85a829e3d5e5496f834bcb617d1
[2025-09-24 11:39:12][INFO] Saved: https://apnews.com/article/covid19-stratus-nimbus-razor-blade-flu-summer-9c9522e398956c528a89e04a24244cf1
[2025-09-24 11:39:12][INFO] Saved: https://apnews.com/article/covid19-stratus-nimbus-razor-blade-flu-summer-9c9522e398956c528a89e04a24244cf1
[2025-09-24 11:39:12][INFO] Saved: https://apnews.com/article/cdc-nightmare-bacteria-ndm-gene-95c40aae486e82a54efb16b965ee88b3
[2025-09-24 11:39:12][INFO] Saved: https://apnews.com/article/cdc-nightmare-bacteria-ndm-gene-95c40aae486e82a54efb16b965ee88b3
[2025-09-24 11:39:12][INFO] Saved: https://apnews.com/article/workplace-anxiety-impostor-syndrome-cognitive-behavioral-therapy-d8f0d6bae16ab781cff369519539eaed
[2025-09-24 11:39:12][INFO] Saved: https://apnews.com/article/workplace-anxiety-impostor-syndrome-cognitive-behavioral-therapy-d8f0d6bae16ab781cff369519539eaed
[2025-09-24 11:39:12][INFO] Saved: https://apnews.com/article/hurricane-gabrielle-tropical-weather-atlantic-bermuda-ba4f3724d48657ba40160aae454028a2
[2025-09-24 11:39:12][INFO] Saved: https://apnews.com/article/hurricane-gabrielle-tropical-weather-atlantic-bermuda-ba4f3724d48657ba40160aae454028a2
[2025-09-24 11:39:12][INFO] Saved: https://apnews.com/article/eating-fast-tips-to-slow-down-4ba7e9760ac5903fe29dc38a4205d701
[2025-09-24 11:39:12][INFO] Saved: https://apnews.com/article/eating-fast-tips-to-slow-down-4ba7e9760ac5903fe29dc38a4205d701
[2025-09-24 11:39:12][INFO] Saved: https://apnews.com/article/minot-city-north-dakota-ground-squirrels-dde22d2fa10140191a168687a5aa4daa
[2025-09-24 11:39:12][INFO] Saved: https://apnews.com/article/minot-city-north-dakota-ground-squirrels-dde22d2fa10140191a168687a5aa4daa
[2025-09-24 11:39:12][INFO] Saved: https://apnews.com/article/whale-breach-boat-capsize-new-hampshire-efe8cbfae49b93f6325c4331db8999ae
[2025-09-24 11:39:12][INFO] Saved: https://apnews.com/article/whale-breach-boat-capsize-new-hampshire-efe8cbfae49b93f6325c4331db8999ae
[2025-09-24 11:39:12][INFO] Saved: https://apnews.com/article/giant-troll-sculptures-filoli-thomas-dambo-15a070f5eba15e3a74721a7c2d23eb6e
[2025-09-24 11:39:12][INFO] Saved: https://apnews.com/article/giant-troll-sculptures-filoli-thomas-dambo-15a070f5eba15e3a74721a7c2d23eb6e
[2025-09-24 11:39:12][INFO] Saved: https://apnews.com/article/russia-ukraine-war-mariupol-descends-into-despair-708cb8f4a171ce3f1c1b0b8d090e38e3
[2025-09-24 11:39:12][INFO] Saved: https://apnews.com/article/russia-ukraine-war-mariupol-descends-into-despair-708cb8f4a171ce3f1c1b0b8d090e38e3
[2025-09-24 11:39:13][INFO] Saved: https://apnews.com/article/china-wto-reform-developing-country-special-treatment-20c70ec00d9502189bba87f93521b09f
[2025-09-24 11:39:13][INFO] Saved: https://apnews.com/article/china-wto-reform-developing-country-special-treatment-20c70ec00d9502189bba87f93521b09f
[2025-09-24 11:39:13][INFO] Saved: https://apnews.com/article/new-dinosaur-megaraptoran-argentina-patagonia-4246f7559e4d7ee2dcde23dc2afcf0ad
[2025-09-24 11:39:13][INFO] Saved: https://apnews.com/article/new-dinosaur-megaraptoran-argentina-patagonia-4246f7559e4d7ee2dcde23dc2afcf0ad
[2025-09-24 11:39:13][INFO] Saved: https://apnews.com/article/solar-storms-launch-nasa-noaa-e1e76b973123262c15e717bc515ae6f0
[2025-09-24 11:39:13][INFO] Saved: https://apnews.com/article/solar-storms-launch-nasa-noaa-e1e76b973123262c15e717bc515ae6f0
[2025-09-24 11:39:13][INFO] Saved: https://apnews.com/article/ghana-fantasy-coffins-funerals-accra-tradition-01220db5b2e240a12ae8e4ba8820f993
[2025-09-24 11:39:13][INFO] Saved: https://apnews.com/article/ghana-fantasy-coffins-funerals-accra-tradition-01220db5b2e240a12ae8e4ba8820f993
[2025-09-24 11:39:13][INFO] Saved: https://apnews.com/article/dinosaurio-argentina-joaquinraptor-casali-e6b7ec42ca073d2fa8e002872040b784
[2025-09-24 11:39:13][INFO] Saved: https://apnews.com/article/dinosaurio-argentina-joaquinraptor-casali-e6b7ec42ca073d2fa8e002872040b784
[2025-09-24 11:39:13][INFO] Saved: https://apnews.com/article/federal-reserve-jobs-inflation-powell-bccc5ad2114d0f9a19e0f6db4aeadf82
[2025-09-24 11:39:13][INFO] Saved: https://apnews.com/article/federal-reserve-jobs-inflation-powell-bccc5ad2114d0f9a19e0f6db4aeadf82
[2025-09-24 11:39:13][INFO] Saved: https://apnews.com/article/jimmy-kimmel-monologue-key-moments-2ad8513693aef095dd4cc998afc0cfaa
[2025-09-24 11:39:13][INFO] Saved: https://apnews.com/article/jimmy-kimmel-monologue-key-moments-2ad8513693aef095dd4cc998afc0cfaa
[2025-09-24 11:39:13][INFO] Saved: https://apnews.com/article/finland-swastika-air-force-nato-423a764e6e72abde083f6136e06461c0
[2025-09-24 11:39:13][INFO] Saved: https://apnews.com/article/finland-swastika-air-force-nato-423a764e6e72abde083f6136e06461c0
[2025-09-24 11:39:13][INFO] Saved: https://apnews.com/article/buccaneers-desmond-watson-15274258cd685a1487ad2cef9a50784e
[2025-09-24 11:39:13][INFO] Saved: https://apnews.com/article/buccaneers-desmond-watson-15274258cd685a1487ad2cef9a50784e
[2025-09-24 11:39:13][INFO] Saved: https://apnews.com/article/omnicare-cvs-bankruptcy-medicaid-medicare-2b64f3bcc607ed85b09592515479a9a7
[2025-09-24 11:39:13][INFO] Saved: https://apnews.com/article/omnicare-cvs-bankruptcy-medicaid-medicare-2b64f3bcc607ed85b09592515479a9a7
[2025-09-24 11:39:13][INFO] Saved: https://apnews.com/article/robot-umpires-mlb-2026-d70c6431d1cccfcf7a6e69e3ce47b417
[2025-09-24 11:39:13][INFO] Saved: https://apnews.com/article/robot-umpires-mlb-2026-d70c6431d1cccfcf7a6e69e3ce47b417
[2025-09-24 11:39:13][INFO] Saved: https://apnews.com/article/wellness-journey-health-fitness-sleep-nutrition-overweight-926fca594538cd13d17abdf4b203fc64
[2025-09-24 11:39:13][INFO] Saved: https://apnews.com/article/wellness-journey-health-fitness-sleep-nutrition-overweight-926fca594538cd13d17abdf4b203fc64
[2025-09-24 11:39:13][INFO] Saved: https://apnews.com/article/obit-claudia-cardinale-film-9b16f5768b580999da557e08cf4d4d92
[2025-09-24 11:39:13][INFO] Saved: https://apnews.com/article/obit-claudia-cardinale-film-9b16f5768b580999da557e08cf4d4d92
[2025-09-24 11:39:13][INFO] Saved: https://apnews.com/article/doge-musk-trump-gsa-fired-employees-ce18553b281fbf5816ec2fd491d79b78
[2025-09-24 11:39:13][INFO] Saved: https://apnews.com/article/doge-musk-trump-gsa-fired-employees-ce18553b281fbf5816ec2fd491d79b78
[2025-09-24 11:39:13][INFO] Saved: https://apnews.com/article/jimmy-kimmel-returns-suspension-charlie-kirk-a29db3adb762b9b148d56ce88c24485c
[2025-09-24 11:39:13][INFO] Saved: https://apnews.com/article/jimmy-kimmel-returns-suspension-charlie-kirk-a29db3adb762b9b148d56ce88c24485c
[2025-09-24 11:39:13][INFO] Saved: https://apnews.com/article/minnesota-state-senator-mitchell-sentenced-burglary-782d056653bb2a73b6e7883e97ea3a63
[2025-09-24 11:39:13][INFO] Saved: https://apnews.com/article/minnesota-state-senator-mitchell-sentenced-burglary-782d056653bb2a73b6e7883e97ea3a63
[2025-09-24 11:39:13][INFO] Saved: https://apnews.com/article/guardians-david-fry-hit-face-skubal-373c7eaf4bf4260a449d56e8875dbada
[2025-09-24 11:39:13][INFO] Saved: https://apnews.com/article/guardians-david-fry-hit-face-skubal-373c7eaf4bf4260a449d56e8875dbada
[2025-09-24 11:39:13][INFO] Saved: https://apnews.com/article/poll-trump-economy-approval-immigration-border-crime-373766302cde6d45624d6bb738b16231
[2025-09-24 11:39:13][INFO] Saved: https://apnews.com/article/poll-trump-economy-approval-immigration-border-crime-373766302cde6d45624d6bb738b16231
[2025-09-24 11:39:14][INFO] Saved: https://apnews.com/article/quotes-world-leaders-unga-united-nations-6442220bbed9559dfd902e1235a44a86
[2025-09-24 11:39:14][INFO] Saved: https://apnews.com/article/quotes-world-leaders-unga-united-nations-6442220bbed9559dfd902e1235a44a86
[2025-09-24 11:39:14][INFO] Saved: https://apnews.com/article/ice-facility-shooting-dallas-immigration-d49f76ffc95572970ede58ef15769fe4
[2025-09-24 11:39:14][INFO] Saved: https://apnews.com/article/ice-facility-shooting-dallas-immigration-d49f76ffc95572970ede58ef15769fe4
[2025-09-24 11:39:14][INFO] Saved: https://apnews.com/article/trump-shooting-attempt-d49985a690e678a9ccbf3610c102704d
[2025-09-24 11:39:14][INFO] Saved: https://apnews.com/article/trump-shooting-attempt-d49985a690e678a9ccbf3610c102704d
[2025-09-24 11:39:14][INFO] Saved: https://apnews.com/article/macron-trump-phone-call-new-york-street-7f90a938296d0411368ed007c7c79f14
[2025-09-24 11:39:14][INFO] Saved: https://apnews.com/article/macron-trump-phone-call-new-york-street-7f90a938296d0411368ed007c7c79f14
[2025-09-24 11:39:14][INFO] Saved: https://apnews.com/article/argentina-eeuu-milei-dolar-16b7363340adc205f360faa8968d2485
[2025-09-24 11:39:14][INFO] Saved: https://apnews.com/article/argentina-eeuu-milei-dolar-16b7363340adc205f360faa8968d2485
[2025-09-24 11:39:14][INFO] Saved: https://apnews.com/article/trump-government-shutdown-schumer-jeffries-meeting-8b1726435066403bf6b9fe4e4fffc029
[2025-09-24 11:39:14][INFO] Saved: https://apnews.com/article/trump-government-shutdown-schumer-jeffries-meeting-8b1726435066403bf6b9fe4e4fffc029
[2025-09-24 11:39:14][INFO] Saved: https://apnews.com/article/eeuu-dallas-inmigracion-tiroteo-ice-3dd1c36108ae36091510adffd9ae8584
[2025-09-24 11:39:14][INFO] Saved: https://apnews.com/article/eeuu-dallas-inmigracion-tiroteo-ice-3dd1c36108ae36091510adffd9ae8584
[2025-09-24 11:39:14][INFO] Saved: https://apnews.com/article/trump-un-escalator-teleprompter-ddfc0875301f29d71625b353f2c2f832
[2025-09-24 11:39:14][INFO] Saved: https://apnews.com/article/trump-un-escalator-teleprompter-ddfc0875301f29d71625b353f2c2f832
[2025-09-24 11:39:14][INFO] Saved: https://apnews.com/article/chicago-agente-ice-inmigrante-tiroteo-silverio-villegas-redadas-6ffea1ce94503bad69fb4913b30aa2fd
[2025-09-24 11:39:14][INFO] Saved: https://apnews.com/article/chicago-agente-ice-inmigrante-tiroteo-silverio-villegas-redadas-6ffea1ce94503bad69fb4913b30aa2fd
[2025-09-24 11:39:14][INFO] Saved: https://apnews.com/article/tylenol-trump-salud-autismo-7d0f8972d972a3f985244b1e6828a7ad
[2025-09-24 11:39:14][INFO] Saved: https://apnews.com/article/tylenol-trump-salud-autismo-7d0f8972d972a3f985244b1e6828a7ad
[2025-09-24 11:39:14][INFO] Saved: https://apnews.com/article/china-taiwan-filipinas-tifon-ragasa-cd8052b9817b55b7fd8c12b4eca21f82
[2025-09-24 11:39:14][INFO] Saved: https://apnews.com/article/china-taiwan-filipinas-tifon-ragasa-cd8052b9817b55b7fd8c12b4eca21f82
[2025-09-24 11:39:14][INFO] Saved: https://apnews.com/article/china-tifon-filipinas-hong-kong-macao-ragasa-e54012998e1756c9b4b774a6602c9cfc
[2025-09-24 11:39:14][INFO] Saved: https://apnews.com/article/china-tifon-filipinas-hong-kong-macao-ragasa-e54012998e1756c9b4b774a6602c9cfc
[2025-09-24 11:39:14][INFO] Saved: https://apnews.com/article/rembrandt-venne-amsterdam-dog-night-watch-rijksmuseum-c6e2ef6e79c3983412685f64822b41c1
[2025-09-24 11:39:14][INFO] Saved: https://apnews.com/article/rembrandt-venne-amsterdam-dog-night-watch-rijksmuseum-c6e2ef6e79c3983412685f64822b41c1
[2025-09-24 11:39:14][INFO] Saved: https://apnews.com/article/social-media-charlie-kirk-nepal-algorithm-d0a8baf12a16b2ed870283e64ee24a19
[2025-09-24 11:39:14][INFO] Saved: https://apnews.com/article/social-media-charlie-kirk-nepal-algorithm-d0a8baf12a16b2ed870283e64ee24a19
[2025-09-24 11:39:14][INFO] Saved: https://apnews.com/article/rapture-end-times-evangelical-christians-tiktok-e7d065520186503a6223ee12df1f02dd
[2025-09-24 11:39:14][INFO] Saved: https://apnews.com/article/rapture-end-times-evangelical-christians-tiktok-e7d065520186503a6223ee12df1f02dd
[2025-09-24 11:39:14][INFO] Saved: https://apnews.com/article/youtube-reinstatement-covid-election-misinformation-5809a1da0afece53d6e2088e4ac5e462
[2025-09-24 11:39:14][INFO] Saved: https://apnews.com/article/youtube-reinstatement-covid-election-misinformation-5809a1da0afece53d6e2088e4ac5e462
[2025-09-24 11:39:15][INFO] Saved: https://apnews.com/article/trump-tough-it-out-pregnancy-women-pain-acetaminophen-dc48caddabef2f086a50b48c5b86a3ca
[2025-09-24 11:39:15][INFO] Saved: https://apnews.com/article/trump-tough-it-out-pregnancy-women-pain-acetaminophen-dc48caddabef2f086a50b48c5b86a3ca
[2025-09-24 11:39:15][INFO] Saved: https://apnews.com/article/unga-sim-farm-threat-explainer-5274ccc927ab180a1d5e0ffd475ed7c9
[2025-09-24 11:39:15][INFO] Saved: https://apnews.com/article/unga-sim-farm-threat-explainer-5274ccc927ab180a1d5e0ffd475ed7c9
[2025-09-24 11:39:15][INFO] Saved: https://apnews.com/article/charlie-kirk-religious-revival-martyr-evangelical-churches-0e4649d798d22e0d43d93ef020716547
[2025-09-24 11:39:15][INFO] Saved: https://apnews.com/article/charlie-kirk-religious-revival-martyr-evangelical-churches-0e4649d798d22e0d43d93ef020716547
[2025-09-24 11:39:15][INFO] Saved: https://apnews.com/article/trump-tylenol-vaccines-pregnancy-8c8c44e40657a2338533c59ebefaa83a
[2025-09-24 11:39:15][INFO] Saved: https://apnews.com/article/trump-tylenol-vaccines-pregnancy-8c8c44e40657a2338533c59ebefaa83a
[2025-09-24 11:39:15][INFO] Saved: https://apnews.com/article/fat-bear-week-alaska-brown-bears-bffe1fab90e38753aba9811265e9ead2
[2025-09-24 11:39:15][INFO] Saved: https://apnews.com/article/fat-bear-week-alaska-brown-bears-bffe1fab90e38753aba9811265e9ead2
[2025-09-24 11:39:15][INFO] Saved: https://apnews.com/article/autism-drug-leucovorin-trump-kennedy-d2b36faef3c4fc1f85e9fa9f958ad6c6
[2025-09-24 11:39:15][INFO] Saved: https://apnews.com/article/autism-drug-leucovorin-trump-kennedy-d2b36faef3c4fc1f85e9fa9f958ad6c6
[2025-09-24 11:39:15][INFO] Saved: https://apnews.com/article/autism-trump-kennedy-tylenol-acetaminophen-7ebaf91e80b93f605899cefd66ac0eb2
[2025-09-24 11:39:15][INFO] Saved: https://apnews.com/article/autism-trump-kennedy-tylenol-acetaminophen-7ebaf91e80b93f605899cefd66ac0eb2
[2025-09-24 11:39:15][INFO] Saved: https://apnews.com/article/trump-un-climate-change-renewable-energy-5c033a24ec523a56f8244d85f3672eda
[2025-09-24 11:39:15][INFO] Saved: https://apnews.com/article/trump-un-climate-change-renewable-energy-5c033a24ec523a56f8244d85f3672eda
[2025-09-24 11:39:15][INFO] Saved: https://apnews.com/article/eating-fast-tips-to-slow-down-4ba7e9760ac5903fe29dc38a4205d701
[2025-09-24 11:39:15][INFO] Saved: https://apnews.com/article/eating-fast-tips-to-slow-down-4ba7e9760ac5903fe29dc38a4205d701
[2025-09-24 11:39:15][INFO] Saved: https://apnews.com/article/cdc-nightmare-bacteria-ndm-gene-95c40aae486e82a54efb16b965ee88b3
[2025-09-24 11:39:15][INFO] Saved: https://apnews.com/article/cdc-nightmare-bacteria-ndm-gene-95c40aae486e82a54efb16b965ee88b3
[2025-09-24 11:39:15][INFO] Saved: https://apnews.com/article/hurricane-gabrielle-tropical-weather-atlantic-bermuda-ba4f3724d48657ba40160aae454028a2
[2025-09-24 11:39:15][INFO] Saved: https://apnews.com/article/hurricane-gabrielle-tropical-weather-atlantic-bermuda-ba4f3724d48657ba40160aae454028a2
[2025-09-24 11:39:15][INFO] Saved: https://apnews.com/article/trump-renewable-energy-offshore-wind-revolution-wind-f1cbe85a829e3d5e5496f834bcb617d1
[2025-09-24 11:39:15][INFO] Saved: https://apnews.com/article/trump-renewable-energy-offshore-wind-revolution-wind-f1cbe85a829e3d5e5496f834bcb617d1
[2025-09-24 11:39:15][INFO] Saved: https://apnews.com/article/covid19-stratus-nimbus-razor-blade-flu-summer-9c9522e398956c528a89e04a24244cf1
[2025-09-24 11:39:15][INFO] Saved: https://apnews.com/article/covid19-stratus-nimbus-razor-blade-flu-summer-9c9522e398956c528a89e04a24244cf1
[2025-09-24 11:39:15][INFO] Saved: https://apnews.com/article/covid19-stratus-nimbus-razor-blade-flu-summer-9c9522e398956c528a89e04a24244cf1
[2025-09-24 11:39:15][INFO] Saved: https://apnews.com/article/covid19-stratus-nimbus-razor-blade-flu-summer-9c9522e398956c528a89e04a24244cf1
[2025-09-24 11:39:15][INFO] Saved: https://apnews.com/article/workplace-anxiety-impostor-syndrome-cognitive-behavioral-therapy-d8f0d6bae16ab781cff369519539eaed
[2025-09-24 11:39:15][INFO] Saved: https://apnews.com/article/workplace-anxiety-impostor-syndrome-cognitive-behavioral-therapy-d8f0d6bae16ab781cff369519539eaed
[2025-09-24 11:39:15][INFO] Saved: https://apnews.com/article/wellness-journey-health-fitness-sleep-nutrition-overweight-926fca594538cd13d17abdf4b203fc64
[2025-09-24 11:39:15][INFO] Saved: https://apnews.com/article/wellness-journey-health-fitness-sleep-nutrition-overweight-926fca594538cd13d17abdf4b203fc64
[2025-09-24 11:39:15][INFO] Saved: https://apnews.com/article/whale-breach-boat-capsize-new-hampshire-efe8cbfae49b93f6325c4331db8999ae
[2025-09-24 11:39:15][INFO] Saved: https://apnews.com/article/whale-breach-boat-capsize-new-hampshire-efe8cbfae49b93f6325c4331db8999ae
[2025-09-24 11:39:15][INFO] Saved: https://apnews.com/article/fear-of-flying-8e348402efc654a7248fb9fe4e5df852
[2025-09-24 11:39:15][INFO] Saved: https://apnews.com/article/fear-of-flying-8e348402efc654a7248fb9fe4e5df852
[2025-09-24 11:39:16][INFO] Saved: https://apnews.com/article/giant-troll-sculptures-filoli-thomas-dambo-15a070f5eba15e3a74721a7c2d23eb6e
[2025-09-24 11:39:16][INFO] Saved: https://apnews.com/article/giant-troll-sculptures-filoli-thomas-dambo-15a070f5eba15e3a74721a7c2d23eb6e
[2025-09-24 11:39:16][INFO] Saved: https://apnews.com/article/eating-fast-tips-to-slow-down-4ba7e9760ac5903fe29dc38a4205d701
[2025-09-24 11:39:16][INFO] Saved: https://apnews.com/article/eating-fast-tips-to-slow-down-4ba7e9760ac5903fe29dc38a4205d701
[2025-09-24 11:39:16][INFO] Saved: https://apnews.com/article/russia-ukraine-war-mariupol-descends-into-despair-708cb8f4a171ce3f1c1b0b8d090e38e3
[2025-09-24 11:39:16][INFO] Saved: https://apnews.com/article/russia-ukraine-war-mariupol-descends-into-despair-708cb8f4a171ce3f1c1b0b8d090e38e3
[2025-09-24 11:39:16][INFO] Saved: https://apnews.com/article/solar-storms-launch-nasa-noaa-e1e76b973123262c15e717bc515ae6f0
[2025-09-24 11:39:16][INFO] Saved: https://apnews.com/article/solar-storms-launch-nasa-noaa-e1e76b973123262c15e717bc515ae6f0
[2025-09-24 11:39:16][INFO] Saved: https://apnews.com/article/dinosaurio-argentina-joaquinraptor-casali-e6b7ec42ca073d2fa8e002872040b784
[2025-09-24 11:39:16][INFO] Saved: https://apnews.com/article/dinosaurio-argentina-joaquinraptor-casali-e6b7ec42ca073d2fa8e002872040b784
[2025-09-24 11:39:16][INFO] Saved: https://apnews.com/article/ghana-fantasy-coffins-funerals-accra-tradition-01220db5b2e240a12ae8e4ba8820f993
[2025-09-24 11:39:16][INFO] Saved: https://apnews.com/article/ghana-fantasy-coffins-funerals-accra-tradition-01220db5b2e240a12ae8e4ba8820f993
[2025-09-24 11:39:16][INFO] Saved: https://apnews.com/article/new-dinosaur-megaraptoran-argentina-patagonia-4246f7559e4d7ee2dcde23dc2afcf0ad
[2025-09-24 11:39:16][INFO] Saved: https://apnews.com/article/new-dinosaur-megaraptoran-argentina-patagonia-4246f7559e4d7ee2dcde23dc2afcf0ad
[2025-09-24 11:39:16][INFO] Saved: https://apnews.com/article/minot-city-north-dakota-ground-squirrels-dde22d2fa10140191a168687a5aa4daa
[2025-09-24 11:39:16][INFO] Saved: https://apnews.com/article/minot-city-north-dakota-ground-squirrels-dde22d2fa10140191a168687a5aa4daa
[2025-09-24 11:39:16][INFO] Saved: https://apnews.com/article/china-wto-reform-developing-country-special-treatment-20c70ec00d9502189bba87f93521b09f
[2025-09-24 11:39:16][INFO] Saved: https://apnews.com/article/china-wto-reform-developing-country-special-treatment-20c70ec00d9502189bba87f93521b09f
[2025-09-24 11:39:16][INFO] Saved: https://apnews.com/article/finland-swastika-air-force-nato-423a764e6e72abde083f6136e06461c0
[2025-09-24 11:39:16][INFO] Saved: https://apnews.com/article/finland-swastika-air-force-nato-423a764e6e72abde083f6136e06461c0
[2025-09-24 11:39:16][INFO] Saved: https://apnews.com/article/omnicare-cvs-bankruptcy-medicaid-medicare-2b64f3bcc607ed85b09592515479a9a7
[2025-09-24 11:39:16][INFO] Saved: https://apnews.com/article/omnicare-cvs-bankruptcy-medicaid-medicare-2b64f3bcc607ed85b09592515479a9a7
[2025-09-24 11:39:16][INFO] Saved: https://apnews.com/article/federal-reserve-jobs-inflation-powell-bccc5ad2114d0f9a19e0f6db4aeadf82
[2025-09-24 11:39:16][INFO] Saved: https://apnews.com/article/federal-reserve-jobs-inflation-powell-bccc5ad2114d0f9a19e0f6db4aeadf82
[2025-09-24 11:39:16][INFO] Saved: https://apnews.com/article/foods-that-help-you-sleep-cookbook-95e0061b85936b8a72eb10377ec9c2c0
[2025-09-24 11:39:16][INFO] Saved: https://apnews.com/article/foods-that-help-you-sleep-cookbook-95e0061b85936b8a72eb10377ec9c2c0
[2025-09-24 11:39:16][INFO] Saved: https://apnews.com/article/buccaneers-desmond-watson-15274258cd685a1487ad2cef9a50784e
[2025-09-24 11:39:16][INFO] Saved: https://apnews.com/article/buccaneers-desmond-watson-15274258cd685a1487ad2cef9a50784e
[2025-09-24 11:39:16][INFO] Saved: https://apnews.com/article/robot-umpires-mlb-2026-d70c6431d1cccfcf7a6e69e3ce47b417
[2025-09-24 11:39:16][INFO] Saved: https://apnews.com/article/robot-umpires-mlb-2026-d70c6431d1cccfcf7a6e69e3ce47b417
[2025-09-24 11:39:16][INFO] Saved: https://apnews.com/article/poll-trump-economy-approval-immigration-border-crime-373766302cde6d45624d6bb738b16231
[2025-09-24 11:39:16][INFO] Saved: https://apnews.com/article/poll-trump-economy-approval-immigration-border-crime-373766302cde6d45624d6bb738b16231
[2025-09-24 11:39:16][INFO] Saved: https://apnews.com/article/jimmy-kimmel-returns-suspension-charlie-kirk-a29db3adb762b9b148d56ce88c24485c
[2025-09-24 11:39:16][INFO] Saved: https://apnews.com/article/jimmy-kimmel-returns-suspension-charlie-kirk-a29db3adb762b9b148d56ce88c24485c
[2025-09-24 11:39:16][INFO] Saved: https://apnews.com/article/guardians-david-fry-hit-face-skubal-373c7eaf4bf4260a449d56e8875dbada
[2025-09-24 11:39:16][INFO] Saved: https://apnews.com/article/guardians-david-fry-hit-face-skubal-373c7eaf4bf4260a449d56e8875dbada
[2025-09-24 11:39:17][INFO] Saved: https://apnews.com/article/obit-claudia-cardinale-film-9b16f5768b580999da557e08cf4d4d92
[2025-09-24 11:39:17][INFO] Saved: https://apnews.com/article/obit-claudia-cardinale-film-9b16f5768b580999da557e08cf4d4d92
[2025-09-24 11:39:17][INFO] Saved: https://apnews.com/article/jimmy-kimmel-monologue-key-moments-2ad8513693aef095dd4cc998afc0cfaa
[2025-09-24 11:39:17][INFO] Saved: https://apnews.com/article/jimmy-kimmel-monologue-key-moments-2ad8513693aef095dd4cc998afc0cfaa
[2025-09-24 11:39:17][INFO] Saved: https://apnews.com/article/doge-musk-trump-gsa-fired-employees-ce18553b281fbf5816ec2fd491d79b78
[2025-09-24 11:39:17][INFO] Saved: https://apnews.com/article/doge-musk-trump-gsa-fired-employees-ce18553b281fbf5816ec2fd491d79b78
[2025-09-24 11:39:17][INFO] Saved: https://apnews.com/article/quotes-world-leaders-unga-united-nations-6442220bbed9559dfd902e1235a44a86
[2025-09-24 11:39:17][INFO] Saved: https://apnews.com/article/quotes-world-leaders-unga-united-nations-6442220bbed9559dfd902e1235a44a86
[2025-09-24 11:39:17][INFO] Saved: https://apnews.com/article/trump-government-shutdown-schumer-jeffries-meeting-8b1726435066403bf6b9fe4e4fffc029
[2025-09-24 11:39:17][INFO] Saved: https://apnews.com/article/trump-government-shutdown-schumer-jeffries-meeting-8b1726435066403bf6b9fe4e4fffc029
[2025-09-24 11:39:17][INFO] Saved: https://apnews.com/article/ice-facility-shooting-dallas-immigration-d49f76ffc95572970ede58ef15769fe4
[2025-09-24 11:39:17][INFO] Saved: https://apnews.com/article/ice-facility-shooting-dallas-immigration-d49f76ffc95572970ede58ef15769fe4
[2025-09-24 11:39:17][INFO] Saved: https://apnews.com/article/macron-trump-phone-call-new-york-street-7f90a938296d0411368ed007c7c79f14
[2025-09-24 11:39:17][INFO] Saved: https://apnews.com/article/macron-trump-phone-call-new-york-street-7f90a938296d0411368ed007c7c79f14
[2025-09-24 11:39:17][INFO] Saved: https://apnews.com/article/minnesota-state-senator-mitchell-sentenced-burglary-782d056653bb2a73b6e7883e97ea3a63
[2025-09-24 11:39:17][INFO] Saved: https://apnews.com/article/minnesota-state-senator-mitchell-sentenced-burglary-782d056653bb2a73b6e7883e97ea3a63
[2025-09-24 11:39:17][INFO] Saved: https://apnews.com/article/trump-shooting-attempt-d49985a690e678a9ccbf3610c102704d
[2025-09-24 11:39:17][INFO] Saved: https://apnews.com/article/trump-shooting-attempt-d49985a690e678a9ccbf3610c102704d
[2025-09-24 11:39:17][INFO] Saved: https://apnews.com/article/trump-un-escalator-teleprompter-ddfc0875301f29d71625b353f2c2f832
[2025-09-24 11:39:17][INFO] Saved: https://apnews.com/article/trump-un-escalator-teleprompter-ddfc0875301f29d71625b353f2c2f832
[2025-09-24 11:39:17][INFO] Crawling done
[2025-09-24 11:39:17][INFO] BBC RSS started.
[2025-09-24 11:39:18][INFO] Saved: https://www.bbc.com/news/articles/cq8edyey1llo?at_medium=RSS&at_campaign=rss
[2025-09-24 11:39:18][INFO] skipped due to ignore list: https://www.bbc.co.uk/sounds/play/p0m4cllb?at_medium=RSS&at_campaign=rss
[2025-09-24 11:39:18][INFO] Saved: https://www.bbc.com/sport/rugby-union/articles/cdx2rdg611qo?at_medium=RSS&at_campaign=rss
[2025-09-24 11:39:18][INFO] Saved: https://www.bbc.com/news/articles/cre53qn8v07o?at_medium=RSS&at_campaign=rss
[2025-09-24 11:39:18][INFO] Saved: https://www.bbc.com/news/articles/c75qr0gk0yqo?at_medium=RSS&at_campaign=rss
[2025-09-24 11:39:18][INFO] Saved: https://www.bbc.com/news/articles/cevz13xkxpro?at_medium=RSS&at_campaign=rss
[2025-09-24 11:39:18][INFO] Saved: https://www.bbc.com/news/articles/c62ldxyj431o?at_medium=RSS&at_campaign=rss
[2025-09-24 11:39:18][INFO] skipped due to ignore list: https://www.bbc.co.uk/iplayer/episode/m002jy6q/disease-x-hunting-the-next-pandemic?at_mid=GetYH9s3iQ&at_campaign=Disease_X_Hunting_the_Next_Pandemic&at_medium=display_ad&at_campaign_type=owned&at_nation=NET&at_audience_id=SS&at_product=iplayer&at_brand=m002jy6q&at_ptr_name=bbc&at_ptr_type=media&at_format=image&at_objective=consumption&at_link_title=Disease_X_Hunting_the_Next_Pandemic&at_bbc_team=BBC
[2025-09-24 11:39:18][INFO] Saved: https://www.bbc.com/news/articles/cn4ljv39em7o?at_medium=RSS&at_campaign=rss
[2025-09-24 11:39:18][INFO] Saved: https://www.bbc.co.uk/news/10628994?at_medium=RSS&at_campaign=rss
[2025-09-24 11:39:18][INFO] Saved: https://www.bbc.com/news/articles/c5yg921rjrko?at_medium=RSS&at_campaign=rss
[2025-09-24 11:39:19][INFO] Saved: https://www.bbc.com/sport/cricket/articles/cn82e4zjrp1o?at_medium=RSS&at_campaign=rss
[2025-09-24 11:39:19][INFO] Saved: https://www.bbc.com/sport/football/articles/cr5qzv9p9y9o?at_medium=RSS&at_campaign=rss
[2025-09-24 11:39:19][INFO] Saved: https://www.bbc.com/news/articles/ckge94030g7o?at_medium=RSS&at_campaign=rss
[2025-09-24 11:39:19][INFO] Saved: https://www.bbc.com/news/articles/c0m4plxy30wo?at_medium=RSS&at_campaign=rss
[2025-09-24 11:39:19][INFO] Saved: https://www.bbc.com/news/articles/c1jz9w7xkyeo?at_medium=RSS&at_campaign=rss
[2025-09-24 11:39:19][INFO] Saved: https://www.bbc.com/news/articles/cwywv34w00ro?at_medium=RSS&at_campaign=rss
[2025-09-24 11:39:19][INFO] Saved: https://www.bbc.com/news/articles/cvg0kv8rq0xo?at_medium=RSS&at_campaign=rss
[2025-09-24 11:39:19][INFO] Saved: https://www.bbc.com/news/articles/c0r09qdnd4yo?at_medium=RSS&at_campaign=rss
[2025-09-24 11:39:19][INFO] Saved: https://www.bbc.com/news/articles/cx2j3regpdno?at_medium=RSS&at_campaign=rss
[2025-09-24 11:39:19][INFO] Saved: https://www.bbc.com/news/articles/c3e70n4keyjo?at_medium=RSS&at_campaign=rss
[2025-09-24 11:39:19][INFO] Saved: https://www.bbc.com/news/articles/ce3yz939qnpo?at_medium=RSS&at_campaign=rss
[2025-09-24 11:39:19][INFO] Saved: https://www.bbc.com/weather/articles/cwy5r7xwq8xo?at_medium=RSS&at_campaign=rss
[2025-09-24 11:39:19][INFO] Saved: https://www.bbc.com/news/articles/c9qney4nn74o?at_medium=RSS&at_campaign=rss
[2025-09-24 11:39:19][INFO] Saved: https://www.bbc.com/news/articles/c4g7p8l8214o?at_medium=RSS&at_campaign=rss
[2025-09-24 11:39:19][INFO] Saved: https://www.bbc.com/news/articles/c4gk9dreldxo?at_medium=RSS&at_campaign=rss
[2025-09-24 11:39:19][INFO] skipped due to ignore list: https://www.bbc.co.uk/sounds/play/p0m4k7nw?at_medium=RSS&at_campaign=rss
[2025-09-24 11:39:19][INFO] Saved: https://www.bbc.com/news/articles/clyd580lx3mo?at_medium=RSS&at_campaign=rss
[2025-09-24 11:39:19][INFO] Saved: https://www.bbc.com/sport/tennis/articles/cgrq1g2gze4o?at_medium=RSS&at_campaign=rss
[2025-09-24 11:39:19][INFO] Saved: https://www.bbc.com/news/articles/ckge9d26z1ro?at_medium=RSS&at_campaign=rss
[2025-09-24 11:39:19][INFO] Saved: https://www.bbc.com/news/articles/c62lej4x148o?at_medium=RSS&at_campaign=rss
[2025-09-24 11:39:19][INFO] Saved: https://www.bbc.com/news/articles/cm2zvy74e1eo?at_medium=RSS&at_campaign=rss
[2025-09-24 11:39:19][INFO] Saved: https://www.bbc.com/news/articles/c7089y4ge21o?at_medium=RSS&at_campaign=rss
[2025-09-24 11:39:19][INFO] NPR started.
[2025-09-24 11:39:20][INFO] Saved: https://www.npr.org/2025/09/24/nx-s1-5551059/guatemala-art
[2025-09-24 11:39:20][INFO] Saved: https://www.npr.org/2025/09/24/nx-s1-5552505/trump-epstein-statue-removed-national-mall
[2025-09-24 11:39:20][INFO] Saved: https://www.npr.org/2025/09/24/nx-s1-5552132/examining-kimmels-brief-suspension-and-trumps-threats-to-free-speech
[2025-09-24 11:39:20][INFO] Saved: https://www.npr.org/2025/09/24/nx-s1-5527104/off-year-elections-consolidate-new-york
[2025-09-24 11:39:20][INFO] Saved: https://www.npr.org/2025/09/24/g-s1-90292/up-first-newsletter-government-shutdown-unga-russia-ukraine-jimmy-kimmel-returns
[2025-09-24 11:39:20][INFO] Saved: https://www.npr.org/2025/09/24/nx-s1-5535588/npr-student-podcast-high-school-winner
[2025-09-24 11:39:20][INFO] Saved: https://www.npr.org/2025/09/24/nx-s1-5552206/ukraine-zelenskyy-un-general-assembly-trump
[2025-09-24 11:39:20][INFO] Saved: https://www.npr.org/2025/09/24/nx-s1-5550241/pumpkin-spice-history-spicy
[2025-09-24 11:39:20][INFO] Saved: https://www.npr.org/2025/09/24/nx-s1-5551193/trump-cancels-meeting-with-top-democrats-as-threat-of-government-shutdown-looms
[2025-09-24 11:39:20][INFO] Saved: https://www.npr.org/2025/09/24/nx-s1-5552151/ice-dallas-detention-facility-shooting
[2025-09-24 11:39:20][INFO] AI Jazeera RSS started.
[2025-09-24 11:39:20][INFO] Saved: https://www.aljazeera.com/news/2025/9/24/israeli-army-says-drone-from-yemen-strikes-eilat-20-people-wounded?traffic_source=rss
[2025-09-24 11:39:20][INFO] Saved: https://www.aljazeera.com/economy/2025/9/24/lithium-americas-stock-surges-amid-possible-us-government-stake?traffic_source=rss
[2025-09-24 11:39:20][INFO] Saved: https://www.aljazeera.com/news/2025/9/24/irans-president-vows-to-never-build-a-nuclear-bomb-in-his-unga-speech?traffic_source=rss
[2025-09-24 11:39:20][INFO] skipped due to bad keyword: https://www.aljazeera.com/video/newsfeed/2025/9/24/greta-thunberg-reads-story-of-palestinian-mother-in-gaza?traffic_source=rss
[2025-09-24 11:39:21][INFO] skipped due to bad keyword: https://www.aljazeera.com/video/counting-the-cost/2025/9/24/can-israel-survive-economic-isolation?traffic_source=rss
[2025-09-24 11:39:21][INFO] Saved: https://www.aljazeera.com/news/2025/9/24/three-wounded-in-shooting-at-us-immigration-facility-in-dallas-texas?traffic_source=rss
[2025-09-24 11:39:21][INFO] skipped due to bad keyword: https://www.aljazeera.com/video/newsfeed/2025/9/24/iran-condemns-ludicrous-and-delusional-scheme-of-greater?traffic_source=rss
[2025-09-24 11:39:21][INFO] Saved: https://www.aljazeera.com/news/2025/9/24/how-new-york-deals-with-the-influx-of-leaders-at-the-un-general-assembly?traffic_source=rss
[2025-09-24 11:39:21][INFO] skipped due to bad keyword: https://www.aljazeera.com/video/newsfeed/2025/9/24/kenyas-president-demands-african-seat-at-un-security-council?traffic_source=rss
[2025-09-24 11:39:21][INFO] Saved: https://www.aljazeera.com/news/2025/9/24/ukraine-is-only-first-zelenskyy-warns-against-putins-expansionist-goals?traffic_source=rss
[2025-09-24 11:39:21][INFO] Saved: https://www.aljazeera.com/news/2025/9/24/protests-seeking-statehood-in-indias-ladakh-turn-deadly?traffic_source=rss
[2025-09-24 11:39:21][INFO] skipped due to bad keyword: https://www.aljazeera.com/video/newsfeed/2025/9/24/global-sumud-flotilla-reports-explosions-as-drones-fly-overhead?traffic_source=rss
[2025-09-24 11:39:21][INFO] skipped due to bad keyword: https://www.aljazeera.com/video/newsfeed/2025/9/24/zelenskyy-slams-uns-weakness-over-gaza-ukraine-and-sudan-wars?traffic_source=rss
[2025-09-24 11:39:21][INFO] skipped due to bad keyword: https://www.aljazeera.com/video/newsfeed/2025/9/24/super-typhoon-ragasa-leaves-destruction-in-taiwan-hong-kong-china?traffic_source=rss
[2025-09-24 11:39:21][INFO] Saved: https://www.aljazeera.com/news/2025/9/24/russia-a-paper-tiger-how-trump-changed-his-position-on-ukraine-nato?traffic_source=rss
[2025-09-24 11:39:21][INFO] Saved: https://www.aljazeera.com/news/2025/9/24/after-trumps-u-turn-can-ukraine-restore-its-pre-war-borders?traffic_source=rss
[2025-09-24 11:39:21][INFO] Saved: https://www.aljazeera.com/news/2025/9/24/israel-kills-teen-in-jenin-raid-as-it-pushes-west-bank-annexation-plan?traffic_source=rss
[2025-09-24 11:39:21][INFO] Saved: https://www.aljazeera.com/news/2025/9/24/uganda-opposition-leader-bobi-wine-cleared-to-run-against-museveni-in-2026?traffic_source=rss
[2025-09-24 11:39:21][INFO] skipped due to bad keyword: https://www.aljazeera.com/video/newsfeed/2025/9/24/video-massive-sinkhole-swallows-road-in-bangkok?traffic_source=rss
[2025-09-24 11:39:21][INFO] Saved: https://www.aljazeera.com/news/2025/9/24/russia-iran-sign-nuclear-power-plants-deal-as-sanctions-loom?traffic_source=rss
[2025-09-24 11:39:21][INFO] skipped due to bad keyword: https://www.aljazeera.com/video/newsfeed/2025/9/24/trump-signals-major-shift-on-ukraine-war-and-taking-back-territory?traffic_source=rss
[2025-09-24 11:39:21][INFO] skipped due to bad keyword: https://www.aljazeera.com/video/newsfeed/2025/9/24/argentinian-president-javier-milei-hails-trump-slams-left-at-unga?traffic_source=rss
[2025-09-24 11:39:21][INFO] skipped due to bad keyword: https://www.aljazeera.com/video/newsfeed/2025/9/24/waves-burst-through-doors-of-hong-kong-hotel-during-typhoon-ragasa?traffic_source=rss
[2025-09-24 11:39:21][INFO] skipped due to bad keyword: https://www.aljazeera.com/video/newsfeed/2025/9/24/syrian-president-calls-for-global-support-amid-israeli-attacks?traffic_source=rss
[2025-09-24 11:39:21][INFO] skipped due to bad keyword: https://www.aljazeera.com/video/quotable/2025/9/24/kennedys-autism-views-are-based-on-his-ideology-not-science?traffic_source=rss
[2025-09-24 11:39:21][INFO] DW RSS started.
[2025-09-24 11:39:23][INFO] Saved: https://www.dw.com/en/thai-authorities-rush-to-battle-bangkok-sinkhole/a-74118703?maca=en-rss-en-top-1022-rdf
[2025-09-24 11:39:23][INFO] Saved: https://www.dw.com/en/unga-iran-does-not-seek-nuclear-weapon-president-says/live-74097199?maca=en-rss-en-top-1022-rdf
[2025-09-24 11:39:23][INFO] Saved: https://www.dw.com/en/oktoberfest-2025-starts-with-record-beer-prices/a-74048447?maca=en-rss-en-cul-2090-rdf
[2025-09-24 11:39:23][INFO] Saved: https://www.dw.com/en/berlin-in-the-1990s-playground-and-wasteland/a-70619428?maca=en-rss-en-cul-2090-rdf
[2025-09-24 11:39:23][INFO] Saved: https://www.dw.com/en/digital-taxes-put-us-eu-trade-talks-under-pressure/a-73798948?maca=en-rss-en-bus-2091-rdf
[2025-09-24 11:39:23][INFO] Saved: https://www.dw.com/en/new-study-cannabis-threatens-fertility-for-women/a-73987415?maca=en-rss-en-science-4552-xml-mrss
[2025-09-24 11:39:23][INFO] Saved: https://www.dw.com/en/why-some-countries-want-fewer-public-holidays/a-73752589?maca=en-rss-en-bus-2091-rdf
[2025-09-24 11:39:23][INFO] Saved: https://www.dw.com/en/how-healthy-is-our-planet/a-74122186?maca=en-rss-en-top-1022-rdf
[2025-09-24 11:39:23][INFO] Saved: https://www.dw.com/en/an-israeli-author-explores-the-psyche-of-a-society-at-war/a-74030015?maca=en-rss-en-cul-2090-rdf
[2025-09-24 11:39:24][INFO] Saved: https://www.dw.com/en/is-the-birth-control-pill-destroying-women-s-sex-drive/a-74025133?maca=en-rss-en-science-4552-xml-mrss
[2025-09-24 11:39:24][INFO] Saved: https://www.dw.com/en/us-federal-reserve-cuts-interest-rate-for-first-time-in-2025/a-74033463?maca=en-rss-en-bus-2091-rdf
[2025-09-24 11:39:24][INFO] Saved: https://www.dw.com/en/is-the-united-nations-still-fit-for-purpose/a-74110572?maca=en-rss-en-top-1022-rdf
[2025-09-24 11:39:24][INFO] Saved: https://www.dw.com/en/fact-check-trump-repeats-false-claims-at-speech-before-un/a-74121865?maca=en-rss-en-top-1022-rdf
[2025-09-24 11:39:24][INFO] Saved: https://www.dw.com/en/texas-ice-facility-shooting-in-dallas-leaves-two-dead/a-74121729?maca=en-rss-en-top-1022-rdf
[2025-09-24 11:39:24][INFO] Saved: https://www.dw.com/en/trump-turns-crypto-king-but-at-what-cost/a-73915163?maca=en-rss-en-bus-2091-rdf
[2025-09-24 11:39:24][INFO] Saved: https://www.dw.com/en/bella-ciao-protest-song-in-focus-after-charlie-kirk-killing/a-74013766?maca=en-rss-en-cul-2090-rdf
[2025-09-24 11:39:24][INFO] Saved: https://www.dw.com/en/south-korea-why-is-president-lee-urging-new-term-limits/a-74120069?maca=en-rss-en-top-1022-rdf
[2025-09-24 11:39:24][INFO] Saved: https://www.dw.com/en/infrastructure-germany-lacks-money-for-new-motorways/a-74124821?maca=en-rss-en-top-1022-rdf
[2025-09-24 11:39:24][INFO] Saved: https://www.dw.com/en/protests-in-india-s-northern-ladakh-region-turn-deadly/a-74125820?maca=en-rss-en-top-1022-rdf
[2025-09-24 11:39:24][INFO] Saved: https://www.dw.com/en/italian-movie-star-claudia-cardinale-dies-at-age-of-87/a-74115346?maca=en-rss-en-cul-2090-rdf
[2025-09-24 11:39:24][INFO] Saved: https://www.dw.com/en/trump-pushes-unproven-claims-linking-tylenol-to-autism/a-74101865?maca=en-rss-en-science-4552-xml-mrss
[2025-09-24 11:39:24][INFO] Saved: https://www.dw.com/en/election-campaign-in-czechia-enters-its-final-phase/a-74119500?maca=en-rss-en-top-1022-rdf
[2025-09-24 11:39:24][INFO] Saved: https://www.dw.com/en/airport-cyberattacks-what-you-need-to-know/a-74093976?maca=en-rss-en-science-4552-xml-mrss
[2025-09-24 11:39:24][INFO] Saved: https://www.dw.com/en/ukraine-updates-russia-sees-no-alternative-to-war/live-74116821?maca=en-rss-en-top-1022-rdf
[2025-09-24 11:39:24][INFO] Saved: https://www.dw.com/en/could-chinese-ai-threaten-western-submarines/a-74076830?maca=en-rss-en-science-4552-xml-mrss
[2025-09-24 11:39:24][INFO] Saved: https://www.dw.com/en/maasai-face-pressure-as-tanzania-eyes-relocations/a-74067154?maca=en-rss-en-top-1022-rdf
[2025-09-24 11:39:24][INFO] Saved: https://www.dw.com/en/iaa-why-vw-and-other-carmakers-are-changing-their-ev-designs/a-73953751?maca=en-rss-en-bus-2091-rdf
[2025-09-24 11:39:24][INFO] Saved: https://www.dw.com/en/africa-sees-space-as-a-means-to-an-end/a-73965587?maca=en-rss-en-bus-2091-rdf
[2025-09-24 11:39:24][INFO] Saved: https://www.dw.com/en/how-trump-tariffs-are-lowering-food-prices-in-brazil-mexico/a-74030676?maca=en-rss-en-bus-2091-rdf
[2025-09-24 11:39:24][INFO] Saved: https://www.dw.com/en/could-france-s-economic-turmoil-spark-eurozone-debt-crisis/a-73886339?maca=en-rss-en-bus-2091-rdf
[2025-09-24 11:39:24][INFO] Saved: https://www.dw.com/en/coca-cola-rebrands-products-in-germany-amid-us-image-crisis/a-73896635?maca=en-rss-en-bus-2091-rdf
[2025-09-24 11:39:24][INFO] Saved: https://www.dw.com/en/italy-sends-naval-vessel-to-help-gaza-aid-flotilla/a-74119945?maca=en-rss-en-top-1022-rdf
[2025-09-24 11:39:24][INFO] Saved: https://www.dw.com/en/eurovision-countries-to-boycott-if-israel-competes/a-74023566?maca=en-rss-en-cul-2090-rdf
[2025-09-24 11:39:24][INFO] Saved: https://www.dw.com/en/did-ai-save-google-from-being-broken-apart-by-regulators/a-73878534?maca=en-rss-en-bus-2091-rdf
[2025-09-24 11:39:24][INFO] Saved: https://www.dw.com/en/philippines-marcos-jr-touts-press-freedom-despite-threats/a-74119075?maca=en-rss-en-top-1022-rdf
[2025-09-24 11:39:24][INFO] Saved: https://www.dw.com/en/jimmy-kimmel-suspension-the-us-media-s-shift-towards-trump-s-maga/a-74043672?maca=en-rss-en-cul-2090-rdf
[2025-09-24 11:39:24][INFO] Saved: https://www.dw.com/en/germany-s-bid-to-lead-in-autonomous-driving-faces-roadblocks/a-74067986?maca=en-rss-en-bus-2091-rdf
[2025-09-24 11:39:25][INFO] Saved: https://www.dw.com/en/nations-deliver-new-climate-targets-ahead-of-climate-summit/a-74111410?maca=en-rss-en-top-1022-rdf
[2025-09-24 11:39:25][INFO] Saved: https://www.dw.com/en/kenya-fraud-scandal-robs-millions-of-health-care-pensions/a-73857794?maca=en-rss-en-bus-2091-rdf
[2025-09-24 11:39:25][INFO] Saved: https://www.dw.com/en/how-can-poland-ukraine-nato-counter-russian-drone-attacks/a-74029548?maca=en-rss-en-science-4552-xml-mrss
[2025-09-24 11:39:25][INFO] Saved: https://www.dw.com/en/suspect-arrested-in-the-uk-over-airport-cyberattacks/a-74122191?maca=en-rss-en-top-1022-rdf
[2025-09-24 11:39:25][INFO] Saved: https://www.dw.com/en/what-challenges-await-malawi-s-next-president/a-74124830?maca=en-rss-en-top-1022-rdf
[2025-09-24 11:39:25][INFO] Saved: https://www.dw.com/en/how-donald-trump-s-h-1b-visa-fee-could-affect-the-us-economy/a-74109570?maca=en-rss-en-bus-2091-rdf
[2025-09-24 11:39:25][INFO] Saved: https://www.dw.com/en/iaa-german-automakers-need-to-step-on-the-gas-to-stay-relevant/a-73837318?maca=en-rss-en-bus-2091-rdf
[2025-09-24 11:39:25][INFO] Saved: https://www.dw.com/en/everything-has-changed-here-east-side-gallery-turns-35/a-74122159?maca=en-rss-en-cul-2090-rdf
[2025-09-24 11:39:25][INFO] Saved: https://www.dw.com/en/trump-s-un-speech-no-laughing-matter-as-body-language-shows/a-74121719?maca=en-rss-en-top-1022-rdf
[2025-09-24 11:39:25][INFO] Saved: https://www.dw.com/en/the-prison-economy-behind-bars-everyone-s-making-money/a-73832810?maca=en-rss-en-bus-2091-rdf
[2025-09-24 11:39:25][INFO] Saved: https://www.dw.com/en/why-do-german-footballers-struggle-to-win-the-ballon-d-or/a-74110584?maca=en-rss-en-cul-2090-rdf
[2025-09-24 11:39:25][INFO] Saved: https://www.dw.com/en/germany-s-bid-to-lead-in-autonomous-driving-faces-roadblocks/a-74067986?maca=en-rss-en-top-1022-rdf
[2025-09-24 11:39:25][INFO] Saved: https://www.dw.com/en/us-vaccine-painkiller-stances-concern-global-health-experts/a-74110144?maca=en-rss-en-science-4552-xml-mrss
[2025-09-24 11:39:25][INFO] Saved: https://www.dw.com/en/germany-s-state-owned-kfw-bank-linked-to-rights-violations/a-73932306?maca=en-rss-en-bus-2091-rdf
[2025-09-24 11:39:25][INFO] Saved: https://www.dw.com/en/everything-has-changed-here-east-side-gallery-turns-35/a-74122159?maca=en-rss-en-top-1022-rdf
[2025-09-24 11:39:25][INFO] Saved: https://www.dw.com/en/why-science-doesn-t-support-trump-s-tylenol-link-to-autism/a-72219393?maca=en-rss-en-science-4552-xml-mrss
[2025-09-24 11:39:25][INFO] Saved: https://www.dw.com/en/here-s-how-flowers-can-harvest-vital-metals/a-74095924?maca=en-rss-en-bus-2091-rdf
[2025-09-24 11:39:25][INFO] Saved: https://www.dw.com/en/mapping-the-world-s-oceans-a-blessing-or-a-curse/a-73985070?maca=en-rss-en-science-4552-xml-mrss
[2025-09-24 11:39:25][INFO] skipped due to bad keyword: https://www.dw.com/en/what-you-need-to-know-about-thrifting/a-73809079?maca=en-rss-en-bus-2091-rdf
[2025-09-24 11:39:25][INFO] Saved: https://www.dw.com/en/is-the-birth-control-pill-destroying-women-s-sex-drive/a-74025133?maca=en-rss-en-cul-2090-rdf
[2025-09-24 11:39:25][INFO] Saved: https://www.dw.com/en/unpacking-trump-s-racist-and-authoritarian-ideology/a-74093295?maca=en-rss-en-cul-2090-rdf
[2025-09-24 11:39:25][INFO] Saved: https://www.dw.com/en/is-europe-prepared-for-winter-despite-lower-gas-supplies/a-73995118?maca=en-rss-en-bus-2091-rdf
[2025-09-24 11:39:25][INFO] Saved: https://www.dw.com/en/cancellation-of-israeli-conductor-s-concert-the-problem-with-cultural-boycotts/a-73972265?maca=en-rss-en-cul-2090-rdf
[2025-09-24 11:39:25][INFO] Saved: https://www.dw.com/en/will-brics-boom-under-trump-s-watch/a-73750601?maca=en-rss-en-bus-2091-rdf
[2025-09-24 11:39:25][INFO] Saved: https://www.dw.com/en/middle-east-injuries-in-israel-s-eilat-from-houthi-drone/live-74125441?maca=en-rss-en-top-1022-rdf
[2025-09-24 11:39:25][INFO] Saved: https://www.dw.com/en/space-law-crisis-outer-space-security-in-an-insecure-world/a-73932818?maca=en-rss-en-science-4552-xml-mrss
[2025-09-24 11:39:25][INFO] Saved: https://www.dw.com/en/kamel-daoud-algerian-author-breaks-his-silence/a-74102905?maca=en-rss-en-cul-2090-rdf
[2025-09-24 11:39:25][INFO] PBS RSS started.
[2025-09-24 11:39:26][INFO] Saved: https://www.pbs.org/newshour/politics/kimmel-returns-to-late-night-with-an-emotional-monologue-but-no-apologies-following-suspension
[2025-09-24 11:39:27][INFO] Saved: https://www.pbs.org/newshour/show/tamara-keith-and-amy-walter-on-the-future-of-the-maga-movement
[2025-09-24 11:39:27][INFO] Saved: https://www.pbs.org/newshour/nation/u-s-jobless-aid-applications-fall-after-surging-to-nearly-4-year-high
[2025-09-24 11:39:27][INFO] Saved: https://www.pbs.org/newshour/science/watch-former-cdc-leader-dr-debra-houry-says-rfk-jr-should-resign
[2025-09-24 11:39:27][INFO] skipped due to bad keyword: https://www.pbs.org/newshour/politics/army-veteran-who-burned-u-s-flag-near-white-house-pleads-not-guilty-to-federal-charges
[2025-09-24 11:39:27][INFO] Saved: https://www.pbs.org/newshour/world/u-n-peacekeepers-say-israeli-drone-crashed-into-their-headquarters-in-southern-lebanon
[2025-09-24 11:39:27][INFO] Saved: https://www.pbs.org/newshour/politics/trump-cancels-meeting-with-schumer-and-jeffries-on-keeping-the-government-open
[2025-09-24 11:39:27][INFO] Saved: https://www.pbs.org/newshour/show/man-convicted-of-trying-to-assassinate-trump-at-florida-golf-course-last-year
[2025-09-24 11:39:27][INFO] Saved: https://www.pbs.org/newshour/show/why-the-planet-is-drying-out-much-faster-than-before-according-to-a-new-study
[2025-09-24 11:39:27][INFO] Saved: https://www.pbs.org/newshour/health/the-eu-has-banned-a-key-ingredient-in-gel-nail-polish-heres-why-experts-say-its-still-safe
[2025-09-24 11:39:27][INFO] Saved: https://www.pbs.org/newshour/show/at-kirk-memorial-trump-escalates-promises-of-political-retribution-against-his-enemies
[2025-09-24 11:39:28][INFO] Saved: https://www.pbs.org/newshour/world/watch-live-irans-masoud-pezeshkian-addresses-u-n-general-assembly
[2025-09-24 11:39:28][INFO] Saved: https://www.pbs.org/newshour/science/day-and-night-get-equal-billing-as-fall-equinox-arrives-here-are-3-things-to-know
[2025-09-24 11:39:28][INFO] Saved: https://www.pbs.org/newshour/economy/nvidia-to-invest-5-billion-in-intel-companies-will-work-together-on-ai-infrastructure-and-pcs
[2025-09-24 11:39:28][INFO] Saved: https://www.pbs.org/newshour/world/watch-syrian-president-addresses-u-n-the-first-leader-from-his-country-to-do-so-in-nearly-six-decades
[2025-09-24 11:39:28][INFO] Saved: https://www.pbs.org/newshour/economy/wall-street-finishes-its-best-week-in-over-a-month
[2025-09-24 11:39:28][INFO] Saved: https://www.pbs.org/newshour/politics/trump-says-murdochs-and-dell-could-potentially-take-part-in-u-s-china-tiktok-deal
[2025-09-24 11:39:28][INFO] Saved: https://www.pbs.org/newshour/politics/live-results-arizona-7th-congressional-district-special-election
[2025-09-24 11:39:28][INFO] Saved: https://www.pbs.org/newshour/nation/watch-live-john-yang-joins-discussion-on-the-presidency-and-office-of-management-and-budget-at-uva
[2025-09-24 11:39:28][INFO] Saved: https://www.pbs.org/newshour/economy/nvidia-violated-antimonopoly-laws-china-says
[2025-09-24 11:39:28][INFO] Saved: https://www.pbs.org/newshour/nation/a-jury-will-look-at-whether-amazon-tricked-customers-into-joining-prime-and-made-it-hard-to-leave
[2025-09-24 11:39:28][INFO] Saved: https://www.pbs.org/newshour/politics/nih-director-says-millions-will-be-spent-to-turbocharge-autism-research
[2025-09-24 11:39:28][INFO] Saved: https://www.pbs.org/newshour/science/scientists-discover-a-powerful-and-surprisingly-long-lasting-gamma-ray-explosion-outside-our-galaxy
[2025-09-24 11:39:28][INFO] Saved: https://www.pbs.org/newshour/politics/kimmel-returns-to-late-night-with-an-emotional-monologue-but-no-apologies-following-suspension
[2025-09-24 11:39:28][INFO] skipped due to bad keyword: https://www.pbs.org/newshour/nation/what-to-know-about-the-feds-rate-cut-and-mortgage-rates
[2025-09-24 11:39:29][INFO] Saved: https://www.pbs.org/newshour/world/russia-cuts-interest-rate-to-17-as-wartime-economy-slows-while-deficit-grows
[2025-09-24 11:39:29][INFO] Saved: https://www.pbs.org/newshour/show/what-is-antifa-and-why-trump-wants-to-label-it-a-terrorist-organization
[2025-09-24 11:39:29][INFO] Saved: https://www.pbs.org/newshour/show/first-american-bishop-appointed-by-pope-leo-emerges-as-a-new-voice-of-the-catholic-church
[2025-09-24 11:39:29][INFO] Saved: https://www.pbs.org/newshour/show/news-wrap-trump-scraps-meeting-with-top-democrats-as-government-shutdown-looms
[2025-09-24 11:39:29][INFO] Saved: https://www.pbs.org/newshour/economy/watch-live-powell-holds-news-briefing-after-feds-highly-anticipated-interest-rate-decision
[2025-09-24 11:39:29][INFO] skipped due to bad keyword: https://www.pbs.org/newshour/nation/what-we-know-so-far-about-the-deadly-dallas-ice-facility-shooting
[2025-09-24 11:39:29][INFO] Saved: https://www.pbs.org/newshour/politics/trump-extends-tiktok-deadline-for-4th-time-after-reaching-framework-deal-with-china
[2025-09-24 11:39:29][INFO] Saved: https://www.pbs.org/newshour/show/economic-fallout-mounts-as-trump-halts-near-finished-wind-power-project
[2025-09-24 11:39:29][INFO] Saved: https://www.pbs.org/newshour/science/thousands-of-newborn-stars-dazzle-in-webb-space-telescopes-latest-snapshot
[2025-09-24 11:39:29][INFO] Saved: https://www.pbs.org/newshour/world/china-gives-up-wto-developing-country-status-in-face-of-u-s-tariffs
[2025-09-24 11:39:29][INFO] Saved: https://www.pbs.org/newshour/science/partial-solar-eclipse-at-the-bottom-of-the-world-will-close-out-the-years-celestial-spectacles
[2025-09-24 11:39:29][INFO] Saved: https://www.pbs.org/newshour/world/ukrainians-surprised-yet-cautious-after-trump-shifts-stance-on-territory-lost-to-russia
[2025-09-24 11:39:29][INFO] Saved: https://www.pbs.org/newshour/show/how-debt-interest-is-becoming-a-bigger-problem-for-the-u-s-government
[2025-09-24 11:39:29][INFO] Saved: https://www.pbs.org/newshour/nation/3-people-shot-at-immigration-detention-facility-in-dallas-and-the-shooter-is-dead-official-says
[2025-09-24 11:39:29][INFO] skipped due to bad keyword: https://www.pbs.org/newshour/world/how-trumps-rhetoric-about-zelenskyy-and-putin-has-evolved-in-his-own-words
[2025-09-24 11:39:29][INFO] Saved: https://www.pbs.org/newshour/economy/wall-street-rises-to-more-records-as-tesla-vrooms-higher
[2025-09-24 11:39:29][INFO] Saved: https://www.pbs.org/newshour/science/scientists-uncover-fossil-of-dinosaur-feasting-on-ancient-crocodile
[2025-09-24 11:39:29][INFO] Saved: https://www.pbs.org/newshour/show/what-makes-this-weeks-federal-reserve-meeting-unprecedented
[2025-09-24 11:39:30][INFO] Saved: https://www.pbs.org/newshour/science/new-findings-by-nasa-mars-rover-provide-strongest-hints-yet-of-potential-signs-of-ancient-life
[2025-09-24 11:39:30][INFO] Saved: https://www.pbs.org/newshour/world/activist-flotilla-seeking-to-break-the-israeli-blockade-of-gaza-says-drones-attacked-its-boats
[2025-09-24 11:39:30][INFO] Saved: https://www.pbs.org/newshour/economy/u-s-inflation-worsened-last-month-putting-fed-in-difficult-spot-as-job-market-slows
[2025-09-24 11:39:30][INFO] Saved: https://www.pbs.org/newshour/show/news-wrap-trump-scraps-meeting-with-top-democrats-as-government-shutdown-looms
[2025-09-24 11:39:30][INFO] skipped due to bad keyword: https://www.pbs.org/newshour/politics/what-economic-and-policy-experts-think-about-the-u-s-governments-stake-in-intel
[2025-09-24 11:39:30][INFO] Saved: https://www.pbs.org/newshour/politics/trump-manages-another-republican-makeover-this-time-on-free-speech-and-cancel-culture
[2025-09-24 11:39:30][INFO] Saved: https://www.pbs.org/newshour/politics/judge-orders-trump-administration-to-restore-500-million-to-ucla
[2025-09-24 11:39:30][INFO] Saved: https://www.pbs.org/newshour/nation/watch-live-john-yang-joins-discussion-on-the-presidency-and-office-of-management-and-budget-at-uva
[2025-09-24 11:39:30][INFO] Saved: https://www.pbs.org/newshour/world/nations-ratify-worlds-first-treaty-to-protect-marine-biodiversity-in-international-waters
[2025-09-24 11:39:30][INFO] Saved: https://www.pbs.org/newshour/science/watch-live-septembers-blood-moon-total-lunar-eclipse
[2025-09-24 11:39:30][INFO] Saved: https://www.pbs.org/newshour/world/watch-live-ukraines-zelenskyy-addresses-u-n-general-assembly
[2025-09-24 11:39:30][INFO] Saved: https://www.pbs.org/newshour/show/trump-signals-major-shift-on-ukraine-policy-rails-against-immigration-in-un-speech
[2025-09-24 11:39:30][INFO] skipped due to bad keyword: https://www.pbs.org/newshour/world/how-trumps-rhetoric-about-zelenskyy-and-putin-has-evolved-in-his-own-words
[2025-09-24 11:39:30][INFO] Saved: https://www.pbs.org/newshour/politics/the-economy-was-a-strength-for-trump-in-his-first-term-not-anymore-according-to-recent-polling
[2025-09-24 11:39:30][INFO] Saved: https://www.pbs.org/newshour/show/ex-doj-official-weighs-in-on-trump-pressuring-bondi-to-prosecute-political-opponents
[2025-09-24 11:39:30][INFO] Saved: https://www.pbs.org/newshour/world/watch-live-day-2-of-the-2025-united-nations-general-assembly
[2025-09-24 11:39:30][INFO] Saved: https://www.pbs.org/newshour/science/gabrielle-is-now-a-category-4-hurricane-forecasters-advise-azores-to-take-notice
[2025-09-24 11:39:30][INFO] Saved: https://www.pbs.org/newshour/show/news-wrap-judge-says-fed-governor-can-stay-on-job-as-she-challenges-firing
[2025-09-24 11:39:30][INFO] Saved: https://www.pbs.org/newshour/politics/trump-again-dispenses-unproven-medical-advice-reminiscent-of-his-covid-claims
[2025-09-24 11:39:30][INFO] Saved: https://www.pbs.org/newshour/politics/more-americans-think-the-u-s-benefits-from-legal-immigration-new-ap-norc-poll-finds
[2025-09-24 11:39:30][INFO] Saved: https://www.pbs.org/newshour/show/federal-reserve-cuts-interest-rates-amid-economic-uncertainty
[2025-09-24 11:39:31][INFO] Saved: https://www.pbs.org/newshour/politics/southern-arizona-voters-to-pick-grijalvas-successor-in-u-s-house
[2025-09-24 11:39:31][INFO] Saved: https://www.pbs.org/newshour/world/azores-under-hurricane-warning-as-gabrielle-races-toward-island-chain
[2025-09-24 11:39:31][INFO] Saved: https://www.pbs.org/newshour/show/lisa-lawson-explores-the-neuroscience-of-adolescence-in-thrive
[2025-09-24 11:39:31][INFO] Saved: https://www.pbs.org/newshour/politics/trump-says-he-now-believes-ukraine-can-take-back-all-of-its-land-after-zelenskyy-meeting
[2025-09-24 11:39:31][INFO] Saved: https://www.pbs.org/newshour/science/the-atlantic-hurricane-season-has-been-quiet-but-were-not-in-the-clear
[2025-09-24 11:39:31][INFO] Saved: https://www.pbs.org/newshour/nation/a-jury-will-look-at-whether-amazon-tricked-customers-into-joining-prime-and-made-it-hard-to-leave
[2025-09-24 11:39:31][INFO] Saved: https://www.pbs.org/newshour/show/news-wrap-judge-rules-white-house-unlawfully-blocked-harvards-research-grants
[2025-09-24 11:39:31][INFO] Saved: https://www.pbs.org/newshour/economy/boeing-workers-reject-latest-contract-offer-extending-strike-at-three-midwest-plants
[2025-09-24 11:39:31][INFO] Saved: https://www.pbs.org/newshour/politics/trump-manages-another-republican-makeover-this-time-on-free-speech-and-cancel-culture
[2025-09-24 11:39:31][INFO] Saved: https://www.pbs.org/newshour/science/this-key-phytoplankton-species-that-fuels-the-food-web-is-threatened-by-warming-oceans-study-finds
[2025-09-24 11:39:31][INFO] skipped due to bad keyword: https://www.pbs.org/newshour/economy/shoppers-increased-retail-spending-by-0-6-in-august-even-as-tariffs-led-to-price-hikes-and-hurt-jobs
[2025-09-24 11:39:31][INFO] Saved: https://www.pbs.org/newshour/science/miss-the-blood-moon-total-lunar-eclipse-relive-it-in-photos
[2025-09-24 11:39:31][INFO] Saved: https://www.pbs.org/newshour/politics/the-economy-was-a-strength-for-trump-in-his-first-term-not-anymore-according-to-recent-polling
[2025-09-24 11:39:31][INFO] Saved: https://www.pbs.org/newshour/politics/7-key-moments-from-trumps-u-n-speech
[2025-09-24 11:39:31][INFO] Saved: https://www.pbs.org/newshour/politics/oracle-will-manage-tiktoks-algorithm-for-u-s-users-under-trump-administration-deal
[2025-09-24 11:39:31][INFO] Saved: https://www.pbs.org/newshour/show/how-researchers-restored-a-thriving-habitat-for-atlantic-puffins-in-maine
